time,gFx,gFy,gFz,TgF
31.423227285,-0.8917,-0.0078,0.3676,0.965
31.432830939,-0.9152,0.0000,0.3871,0.994
31.44842717,-0.9425,-0.0235,0.3716,1.013
31.453369439,-0.9152,-0.0040,0.3676,0.986
31.463724362,-0.9347,-0.0157,0.3636,1.003
31.473463516,-0.9307,-0.0157,0.3636,0.999
31.483709632,-0.9190,0.0040,0.3754,0.993
31.494878247,-0.9190,0.0040,0.3793,0.994
31.503904285,-0.9190,0.0117,0.3676,0.990
31.514615401,-0.9307,-0.0040,0.3636,0.999
31.524880632,-0.9307,-0.0040,0.3676,1.001
31.53465517,-0.9190,-0.0078,0.3716,0.991
31.546470439,-0.9112,-0.0117,0.3636,0.981
31.554349093,-0.9152,0.0000,0.3716,0.988
31.564767593,-0.9347,-0.0117,0.3676,1.004
31.576730978,-0.9386,0.0078,0.3559,1.004
31.585521401,-0.9112,-0.0117,0.3676,0.983
31.594778324,-0.9112,-0.0078,0.3598,0.980
31.605615362,-0.8995,0.0000,0.3559,0.967
31.615170631,-0.9230,0.0117,0.3636,0.992
31.626229516,-0.9504,0.0078,0.3636,1.018
31.635841247,-0.9269,0.0157,0.3519,0.992
31.646049247,-0.9347,-0.0078,0.3559,1.000
31.656236285,-0.9269,0.0040,0.3559,0.993
31.666043593,-0.9112,0.0157,0.3716,0.984
31.676542324,-0.9112,0.0195,0.3636,0.981
31.686413593,-0.9112,0.0235,0.3636,0.981
31.696617862,-0.9073,0.0235,0.3676,0.979
31.708440785,-0.9152,0.0195,0.3598,0.984
31.716845362,-0.9112,0.0274,0.3636,0.981
31.726960939,-0.9190,0.0274,0.3519,0.984
31.737017785,-0.9347,0.0430,0.3481,0.998
31.746906554,-0.9269,0.0235,0.3364,0.986
31.757466631,-0.9269,0.0274,0.3519,0.992
31.767560939,-0.9582,0.0312,0.3636,1.025
31.777494324,-0.9425,0.0274,0.3598,1.009
31.787778747,-0.9464,0.0195,0.3598,1.013
31.797599708,-0.9621,0.0000,0.3598,1.027
31.807851593,-0.9425,-0.0040,0.3519,1.006
31.818347824,-0.9307,0.0117,0.3676,1.001
31.828069362,-0.9347,0.0078,0.3716,1.006
31.838559824,-0.9386,0.0000,0.3716,1.010
31.848461747,-0.9386,0.0157,0.3676,1.008
31.858472131,-0.9230,0.0078,0.3833,0.999
31.868829439,-0.9425,0.0195,0.3793,1.016
31.878335631,-0.9347,0.0078,0.3716,1.006
31.889204939,-0.9307,0.0078,0.3871,1.008
31.899414747,-0.9659,0.0235,0.3950,1.044
31.909407516,-0.9699,0.0195,0.3793,1.042
31.919426862,-0.9464,0.0195,0.3716,1.017
31.929859824,-0.9621,0.0157,0.3716,1.031
31.942499939,-0.9699,0.0157,0.3793,1.042
31.949838747,-0.9621,0.0195,0.3833,1.036
31.959754016,-0.9542,0.0195,0.3833,1.028
31.969860977,-0.9739,0.0195,0.3950,1.051
31.980473823,-0.9621,-0.0078,0.3716,1.031
31.990153208,-1.0011,-0.0117,0.3716,1.068
32.000475862,-1.0168,-0.0117,0.3559,1.077
32.010375554,-1.0207,-0.0195,0.3519,1.080
32.020953823,-1.0246,-0.0312,0.3324,1.078
32.03073567,-1.0324,-0.0352,0.3168,1.080
32.040532016,-1.0324,-0.0587,0.2855,1.073
32.051181516,-1.0286,-0.0469,0.2816,1.067
32.061043016,-1.0011,-0.0665,0.2620,1.037
32.070909977,-0.9699,-0.0665,0.2659,1.008
32.081324477,-0.9190,-0.0821,0.2425,0.954
32.091337477,-0.8643,-0.0782,0.2425,0.901
32.101558323,-0.7666,-0.0704,0.2151,0.799
32.1116124,-0.7352,-0.0312,0.2503,0.777
32.121573439,-0.6922,0.0000,0.2777,0.746
32.132524016,-0.6805,0.0078,0.3011,0.744
32.141616246,-0.6687,-0.0117,0.3089,0.737
32.1528944,-0.6844,-0.0626,0.2464,0.730
32.162177054,-0.7274,-0.1291,0.1681,0.758
32.172204131,-0.7392,-0.1643,0.1096,0.765
32.183152746,-0.7704,-0.1721,0.1408,0.802
32.193237439,-0.8330,-0.1878,0.2268,0.884
32.202388785,-0.9112,-0.1329,0.3051,0.970
32.213244516,-0.9425,-0.0939,0.3793,1.020
32.2231599,-0.9777,-0.0861,0.4223,1.068
32.233493708,-1.0129,-0.0626,0.4420,1.107
32.243661169,-1.0481,-0.0861,0.4458,1.142
32.253386669,-1.1107,-0.0509,0.4537,1.201
32.263759708,-1.1263,-0.0509,0.4537,1.215
32.273384169,-1.1732,-0.0469,0.4068,1.243
32.284888477,-1.1263,-0.0312,0.3833,1.190
32.293831323,-1.0950,0.0000,0.3833,1.160
32.304306285,-1.0559,-0.0195,0.4106,1.133
32.314523669,-1.0051,-0.0157,0.3989,1.081
32.324514016,-0.9934,-0.0078,0.3833,1.065
32.337141246,-0.9112,-0.0117,0.3636,0.981
32.344467054,-0.8408,-0.0040,0.3754,0.921
32.355152092,-0.7548,-0.0157,0.3636,0.838
32.3652934,-0.7235,-0.0274,0.3716,0.814
32.375142016,-0.6844,-0.0195,0.3598,0.774
32.3847799,-0.6492,-0.0352,0.3598,0.743
32.395725516,-0.6296,-0.0469,0.3636,0.729
32.406069323,-0.6375,-0.0469,0.3598,0.734
32.416337131,-0.6413,-0.0821,0.3207,0.722
32.426030477,-0.6335,-0.1096,0.3168,0.717
32.436124169,-0.6453,-0.1096,0.3364,0.736
32.446283669,-0.6531,-0.1017,0.3364,0.742
32.455774246,-0.6883,-0.0821,0.3207,0.764
32.466772515,-0.7040,-0.0821,0.3286,0.781
32.476937862,-0.7157,-0.0744,0.3402,0.796
32.486771862,-0.7117,-0.0744,0.3324,0.789
32.497543977,-0.7314,-0.0861,0.3364,0.810
32.506839708,-0.7274,-0.0704,0.3286,0.801
32.516926862,-0.7431,-0.0899,0.3324,0.819
32.527082131,-0.7392,-0.0899,0.3402,0.819
32.537247977,-0.7235,-0.0899,0.3324,0.801
32.550745823,-0.7509,-0.0978,0.3207,0.822
32.5574784,-0.7744,-0.0821,0.3324,0.847
32.567432862,-0.7274,-0.0899,0.3716,0.822
32.578246169,-0.7431,-0.1056,0.3754,0.839
32.588076708,-0.8173,-0.1173,0.3636,0.902
32.598194285,-0.8800,-0.1486,0.3364,0.954
32.608416938,-0.9816,-0.1603,0.2855,1.035
32.6186154,-1.0911,-0.1798,0.1721,1.119
32.6285434,-1.1694,-0.1603,0.0744,1.183
32.638943054,-1.2788,-0.1995,0.0000,1.294
32.651872785,-1.3062,-0.2033,0.0392,1.323
32.658827438,-1.3258,-0.1838,0.0509,1.339
32.669051092,-1.3218,-0.1446,0.0587,1.331
32.679917169,-1.3023,-0.0782,0.0861,1.307
32.689774977,-1.2593,-0.0352,0.0665,1.262
32.699470361,-1.2279,-0.0117,0.0626,1.230
32.710251246,-1.2593,0.0195,0.1056,1.264
32.719367669,-1.3023,0.0626,0.2112,1.321
32.729717554,-1.3962,0.0939,0.3286,1.437
32.740127477,-1.4469,0.0978,0.3636,1.495
32.750066284,-1.4939,0.0469,0.3402,1.533
32.760518515,-1.4666,-0.0040,0.3441,1.506
32.770513323,-1.4978,-0.0040,0.3793,1.545
32.781411515,-1.4079,0.0040,0.3793,1.458
32.790986015,-1.2866,0.0195,0.4145,1.352
32.8012094,-1.0950,0.0157,0.4185,1.172
32.811857092,-0.9894,0.0430,0.3911,1.065
32.820764977,-0.8134,0.0469,0.3716,0.895
32.830676631,-0.7000,0.0352,0.3324,0.776
32.841621592,-0.6218,0.0352,0.3207,0.701
32.851340015,-0.5944,0.0235,0.2542,0.647
32.861816438,-0.5592,0.0040,0.1995,0.594
32.871709131,-0.5671,0.0000,0.1603,0.589
32.881906246,-0.5827,0.0157,0.1134,0.594
32.892104092,-0.5944,0.0157,0.0899,0.601
32.902271284,-0.6218,0.0078,0.0626,0.625
32.912119861,-0.6413,0.0352,0.0704,0.646
32.922717169,-0.6570,0.0587,0.0939,0.666
32.932559131,-0.7040,0.0939,0.1251,0.721
32.946403592,-0.7469,0.1056,0.1760,0.775
32.9527074,-0.7861,0.1056,0.2112,0.821
32.9626584,-0.8251,0.1096,0.2542,0.870
32.972824169,-0.8448,0.0899,0.2659,0.890
32.982719746,-0.8134,0.0626,0.2620,0.857
32.993843861,-0.7861,0.0352,0.2425,0.823
33.003372938,-0.7314,0.0195,0.2307,0.767
33.013096246,-0.7235,0.0195,0.2464,0.765
33.02356013,-0.7079,0.0509,0.2816,0.764
33.033998169,-0.7040,0.0587,0.2816,0.760
33.045893361,-0.7235,0.1096,0.3011,0.791
33.054242553,-0.7352,0.1096,0.2972,0.801
33.064135092,-0.7939,0.1329,0.2972,0.858
33.074554515,-0.8448,0.1291,0.3051,0.907
33.084721361,-0.8878,0.1643,0.3051,0.953
33.0945439,-0.9425,0.1291,0.3129,1.001
33.105172515,-1.0089,0.1096,0.3246,1.066
33.114929515,-1.0324,0.1173,0.3286,1.090
33.125056092,-1.0950,0.0978,0.2972,1.139
33.135007669,-1.1497,0.0587,0.2582,1.180
33.144979784,-1.1929,0.0274,0.1955,1.209
33.155934438,-1.2945,0.0040,0.1564,1.304
33.165652553,-1.3610,-0.0195,0.1369,1.368
33.175864246,-1.3962,-0.0626,0.1760,1.409
33.185994707,-1.4666,-0.0939,0.1721,1.480
33.1958969,-1.5173,-0.1291,0.1329,1.529
33.206118515,-1.5760,-0.1955,0.1056,1.592
33.216177323,-1.5135,-0.1995,0.0861,1.529
33.226001246,-1.3727,-0.2268,0.1134,1.396
33.236929207,-1.2319,-0.2230,0.1251,1.258
33.245979015,-1.0168,-0.2425,0.1603,1.058
33.256765823,-0.9386,-0.2855,0.2464,1.012
33.266976207,-0.9152,-0.2816,0.2972,1.003
33.277161438,-0.9230,-0.2855,0.3168,1.017
33.287247323,-1.0364,-0.2503,0.3716,1.129
33.297206015,-1.1732,-0.2190,0.4068,1.261
33.307523899,-1.2788,-0.2033,0.4615,1.375
33.317375361,-1.3805,-0.1486,0.5084,1.479
33.32771613,-1.4119,-0.1251,0.4927,1.501
33.337816515,-1.4157,-0.0978,0.4575,1.491
33.347860361,-1.3805,-0.1212,0.4106,1.445
33.357981053,-1.3023,-0.0939,0.3716,1.358
33.368117784,-1.1497,-0.0782,0.3324,1.199
33.378148746,-0.9894,-0.0821,0.2737,1.030
33.388598246,-0.8565,-0.0704,0.1955,0.881
33.398702169,-0.7392,-0.0744,0.1291,0.754
33.408587746,-0.6570,-0.0821,0.1173,0.672
33.418655861,-0.6061,-0.0587,0.1329,0.623
33.428999399,-0.5631,-0.0626,0.1291,0.581
33.440213784,-0.5514,-0.0352,0.1603,0.575
33.449242092,-0.5124,-0.0430,0.1955,0.550
33.459078322,-0.5319,-0.0352,0.2190,0.576
33.469538169,-0.5436,-0.0392,0.2268,0.590
33.479510899,-0.6101,-0.0312,0.2659,0.666
33.489720092,-0.6570,-0.0312,0.2934,0.720
33.499495399,-0.6962,-0.0274,0.2972,0.757
33.509668669,-0.7431,-0.0430,0.3011,0.803
33.520293245,-0.8134,-0.0352,0.3286,0.878
33.53024063,-0.8369,-0.0547,0.3716,0.917
33.540541053,-0.8838,-0.0704,0.3754,0.963
33.55018313,-0.8995,-0.0861,0.3793,0.980
33.560653245,-0.9230,-0.0978,0.3911,1.007
33.570350938,-0.8800,-0.0899,0.3871,0.966
33.580651476,-0.7899,-0.1212,0.3950,0.891
33.591030015,-0.7392,-0.0899,0.3833,0.837
33.601524515,-0.7000,-0.1251,0.3716,0.802
33.611521015,-0.6805,-0.1408,0.3519,0.779
33.621680592,-0.6765,-0.1446,0.3286,0.766
33.631872361,-0.6610,-0.1173,0.3324,0.749
33.642081361,-0.6687,-0.1251,0.3246,0.754
33.655001438,-0.6648,-0.1134,0.3089,0.742
33.661616245,-0.6335,-0.1134,0.3051,0.712
33.672047438,-0.6453,-0.1173,0.3168,0.728
33.682602399,-0.6648,-0.0899,0.3051,0.737
33.692571092,-0.7000,-0.0861,0.2972,0.765
33.702701668,-0.7626,-0.0899,0.3011,0.825
33.713176591,-0.8408,-0.0547,0.3207,0.902
33.722713399,-0.9504,-0.0430,0.3364,1.009
33.733059668,-1.0089,-0.0157,0.3559,1.070
33.74301963,-1.1028,-0.0117,0.3559,1.159
33.754476207,-1.1497,-0.0040,0.4185,1.224
33.76328313,-1.1967,0.0040,0.4302,1.272
33.773479361,-1.1929,-0.0430,0.4420,1.273
33.783974938,-1.2124,-0.0547,0.4028,1.279
33.793962053,-1.2241,-0.1329,0.3286,1.274
33.803545015,-1.2163,-0.1526,0.2699,1.255
33.814140514,-1.2749,-0.1603,0.1721,1.296
33.824002591,-1.3023,-0.1643,0.0626,1.314
33.83630163,-1.3140,-0.1486,-0.0078,1.322
33.844393322,-1.3258,-0.1291,-0.0312,1.332
33.854093284,-1.3101,-0.1134,-0.0078,1.315
33.864691476,-1.2631,-0.0587,0.0078,1.265
33.87470163,-1.1929,0.0040,0.0587,1.194
33.88442263,-1.1263,0.0392,0.1212,1.133
33.894964591,-1.0950,0.0392,0.1408,1.105
33.905102284,-1.0872,0.0117,0.1603,1.099
33.91607263,-1.0481,-0.0430,0.2073,1.069
33.925359976,-1.0911,-0.0469,0.2699,1.125
33.935469361,-1.1849,-0.0430,0.3129,1.226
33.945486361,-1.2241,-0.0430,0.3676,1.279
33.955619168,-1.2319,-0.0157,0.3950,1.294
33.96576113,-1.2397,0.0040,0.3833,1.298
33.976217014,-1.2554,0.0078,0.3793,1.311
33.985744899,-1.2514,0.0040,0.3636,1.303
33.996602514,-1.2241,0.0117,0.3402,1.271
34.006835168,-1.1342,-0.0195,0.2659,1.165
34.016948476,-1.0441,-0.0078,0.2151,1.066
34.027075976,-0.9386,-0.0157,0.1329,0.948
34.037215168,-0.7978,0.0078,0.1056,0.805
34.050370437,-0.6765,-0.0040,0.0821,0.682
34.057041591,-0.6140,0.0235,0.0861,0.620
34.067272668,-0.5279,0.0117,0.0821,0.534
34.077957976,-0.4615,0.0000,0.0899,0.470
34.087134207,-0.4341,0.0117,0.1173,0.450
34.097511207,-0.4302,0.0117,0.1526,0.457
34.107697899,-0.4458,0.0117,0.1995,0.489
34.117801014,-0.5124,0.0587,0.2464,0.572
34.127928014,-0.5592,0.0626,0.2737,0.626
34.138064207,-0.6179,0.0626,0.2659,0.676
34.149614822,-0.6492,0.0352,0.2659,0.702
34.158096014,-0.6922,0.0157,0.2582,0.739
34.168003783,-0.7274,0.0078,0.2737,0.777
34.179496707,-0.7978,0.0235,0.2542,0.838
34.188851091,-0.8369,0.0392,0.3129,0.894
34.199199476,-0.8682,0.0352,0.3286,0.929
34.209391283,-0.8995,0.0821,0.3129,0.956
34.219367053,-0.8955,0.0899,0.2934,0.947
34.228714668,-0.8917,0.0821,0.2777,0.938
34.239730668,-0.9034,0.0978,0.2894,0.954
34.249405668,-0.9152,0.1017,0.2816,0.963
34.25977013,-0.8878,0.1173,0.3011,0.945
34.269891206,-0.8917,0.1096,0.2972,0.946
34.280039514,-0.8800,0.1486,0.2699,0.932
34.290119283,-0.8721,0.1408,0.2699,0.924
34.300280553,-0.9034,0.1446,0.2542,0.950
34.31128836,-0.9504,0.1369,0.2230,0.986
34.320492322,-1.0168,0.0861,0.1838,1.037
34.330881976,-1.1263,0.0117,0.1878,1.142
34.341078245,-1.2358,-0.0469,0.1603,1.247
34.350536553,-1.3610,-0.1251,0.1955,1.381
34.360830514,-1.5291,-0.2033,0.1995,1.555
34.371618976,-1.6464,-0.2582,0.1603,1.674
34.381207629,-1.7325,-0.3246,0.1408,1.768
34.391994129,-1.7990,-0.3716,0.2073,1.849
34.401857937,-1.6661,-0.3833,0.2464,1.727
34.412441091,-1.4587,-0.3754,0.1995,1.519
34.422352053,-1.2631,-0.3129,0.2503,1.325
34.432435322,-1.0364,-0.2934,0.2972,1.117
34.446080514,-0.9190,-0.2699,0.3168,1.009
34.452554591,-0.9034,-0.2268,0.3364,0.990
34.46253286,-0.9425,-0.1603,0.3402,1.015
34.472856052,-0.9856,-0.1526,0.3598,1.060
34.482776745,-1.0520,-0.1721,0.3754,1.130
34.492905091,-1.1615,-0.1643,0.3989,1.239
34.503035129,-1.3023,-0.1526,0.3950,1.369
34.51299086,-1.3649,-0.1369,0.3871,1.425
34.523119206,-1.3453,-0.1173,0.3833,1.404
34.533246668,-1.2945,-0.0861,0.3324,1.339
34.545018745,-1.2084,-0.0704,0.2816,1.243
34.553738706,-1.1224,-0.0547,0.2464,1.150
34.563253899,-1.0441,-0.0430,0.2190,1.068
34.574903745,-0.9621,-0.0430,0.1760,0.979
34.583876129,-0.8603,-0.0821,0.1408,0.876
34.594092399,-0.7939,-0.0861,0.1017,0.805
34.604417475,-0.7157,-0.0861,0.0939,0.727
34.614049052,-0.6765,-0.0978,0.1096,0.692
34.624307975,-0.6296,-0.0861,0.1681,0.657
34.63437136,-0.6258,-0.0939,0.1721,0.656
34.644424629,-0.6296,-0.0899,0.1955,0.665
34.655052245,-0.6335,-0.1096,0.2151,0.678
34.664677206,-0.6687,-0.1056,0.2112,0.709
34.675175206,-0.6962,-0.1173,0.2268,0.742
34.685565014,-0.7274,-0.0899,0.2620,0.778
34.695404206,-0.7431,-0.0939,0.2972,0.806
34.706348475,-0.7899,-0.0782,0.3129,0.853
34.716196475,-0.8486,-0.0587,0.3286,0.912
34.725724322,-0.8526,-0.0744,0.3246,0.915
34.736465822,-0.8800,-0.0469,0.3636,0.953
34.74636236,-0.8878,-0.0352,0.3793,0.966
34.757484398,-0.8526,-0.0117,0.3833,0.935
34.766571745,-0.8369,-0.0312,0.4028,0.929
34.776551898,-0.8251,-0.0392,0.3833,0.911
34.786982206,-0.7978,-0.0352,0.3481,0.871
34.79662086,-0.7548,-0.0509,0.2934,0.811
34.806942668,-0.7235,-0.0821,0.2816,0.781
34.817253475,-0.6883,-0.0861,0.2112,0.725
34.82676336,-0.6687,-0.1056,0.2033,0.707
34.842423783,-0.6648,-0.1526,0.1643,0.702
34.847352745,-0.6687,-0.1564,0.1603,0.705
34.857688091,-0.6648,-0.1486,0.1291,0.693
34.867773514,-0.6727,-0.1643,0.1369,0.706
34.878007783,-0.6883,-0.1486,0.1212,0.714
34.887735091,-0.7040,-0.1446,0.1251,0.729
34.898716244,-0.7000,-0.1408,0.1526,0.730
34.90796886,-0.7314,-0.1291,0.2151,0.773
34.918150091,-0.7744,-0.1134,0.2542,0.823
34.929162283,-0.8096,-0.0978,0.2894,0.865
34.940181244,-0.8369,-0.1134,0.3246,0.905
34.948465821,-0.8838,-0.1251,0.3636,0.964
34.958531283,-0.9230,-0.1173,0.3754,1.003
34.969796514,-0.9230,-0.1291,0.3716,1.003
34.979024129,-0.9582,-0.1329,0.3676,1.035
34.989582898,-0.9816,-0.1329,0.3519,1.051
34.999549552,-1.0129,-0.1446,0.3286,1.075
35.00941486,-1.0793,-0.1564,0.3129,1.135
35.019874514,-1.2514,-0.1329,0.2855,1.290
35.029912206,-1.3767,-0.1446,0.2151,1.401
35.039669898,-1.4626,-0.1603,0.1408,1.478
35.050392052,-1.5253,-0.1564,0.0978,1.536
35.060597975,-1.5487,-0.1096,0.1173,1.557
35.070424437,-1.5253,-0.0665,0.1251,1.532
35.08057736,-1.4274,-0.0195,0.1369,1.434
35.090118437,-1.3453,0.0235,0.1446,1.353
35.100794552,-1.2476,0.0195,0.1291,1.254
35.111024552,-1.1459,0.0157,0.1369,1.154
35.121163783,-1.1302,0.0078,0.1408,1.139
35.131282783,-1.1497,0.0157,0.1603,1.161
35.14147509,-1.1849,0.0040,0.2385,1.209
35.154607052,-1.3023,0.0157,0.2659,1.329
35.161453052,-1.3297,0.0040,0.2816,1.359
35.171768552,-1.3335,-0.0040,0.3129,1.370
35.18172309,-1.3335,0.0040,0.3207,1.372
35.192130014,-1.3180,0.0000,0.3793,1.371
35.201883052,-1.2514,0.0078,0.3871,1.310
35.212121437,-1.1302,0.0000,0.3754,1.191
35.221943013,-1.0364,-0.0040,0.3636,1.098
35.232428744,-0.9230,-0.0235,0.3481,0.987
35.242664321,-0.8173,-0.0352,0.2972,0.870
35.253098167,-0.7314,-0.0665,0.2620,0.780
35.262559321,-0.6687,-0.0744,0.1878,0.699
35.272877513,-0.6335,-0.0665,0.1564,0.656
35.283270667,-0.5944,-0.0469,0.1291,0.610
35.29317386,-0.5827,-0.0117,0.1017,0.592
35.303028552,-0.5827,-0.0117,0.0939,0.590
35.313383206,-0.6101,0.0195,0.1096,0.620
35.323722129,-0.6258,0.0392,0.0899,0.633
35.333483936,-0.6570,0.0509,0.1173,0.669
35.34411736,-0.7040,0.0665,0.1056,0.715
35.353864552,-0.7314,0.0587,0.1056,0.741
35.365711321,-0.7782,0.0547,0.1329,0.791
35.374465552,-0.8369,0.0547,0.1603,0.854
35.384552744,-0.8878,0.0469,0.1878,0.909
35.394627475,-0.9152,0.0469,0.1681,0.932
35.404622898,-0.9112,0.0235,0.1916,0.931
35.41479909,-0.9269,0.0157,0.1878,0.946
35.425140244,-0.8878,0.0195,0.2268,0.916
35.435287129,-0.8721,0.0312,0.2620,0.911
35.445700129,-0.8526,0.0469,0.2582,0.892
35.456038167,-0.8448,0.0744,0.2934,0.897
35.46563809,-0.8682,0.0861,0.2972,0.922
35.476037552,-0.8643,0.0744,0.3011,0.918
35.485735629,-0.8448,0.0587,0.3011,0.899
35.496186283,-0.8056,0.0704,0.2972,0.862
35.506630706,-0.7978,0.0626,0.3129,0.859
35.516243629,-0.7821,0.0626,0.3481,0.858
35.526791359,-0.7821,0.0352,0.3441,0.855
35.536835436,-0.8056,0.0312,0.3481,0.878
35.549829859,-0.8173,0.0078,0.3324,0.882
35.556959167,-0.8565,0.0117,0.3207,0.915
35.566949821,-0.9230,0.0157,0.3129,0.975
35.577349398,-0.9386,0.0235,0.2972,0.985
35.58715759,-0.9659,0.0235,0.2894,1.009
35.597415013,-1.0011,0.0235,0.2972,1.045
35.607722975,-1.0011,0.0235,0.2934,1.044
35.617767359,-1.0207,0.0274,0.2699,1.056
35.627726936,-1.0286,0.0157,0.2620,1.062
35.637662129,-1.0286,0.0547,0.2777,1.067
35.648538205,-1.0364,0.0392,0.3011,1.080
35.658395898,-1.0286,0.0392,0.3207,1.078
35.668153398,-1.0089,0.0821,0.3441,1.069
35.678932013,-0.9934,0.0665,0.3636,1.060
35.688521744,-1.0364,0.0392,0.3598,1.098
35.698417013,-1.1380,-0.0040,0.3129,1.180
35.708913321,-1.2046,-0.0626,0.2385,1.230
35.718924282,-1.2671,-0.1212,0.1643,1.283
35.729229782,-1.2788,-0.1486,0.1878,1.301
35.738887782,-1.2710,-0.1446,0.2112,1.297
35.748775321,-1.2319,-0.1291,0.2542,1.264
35.759884667,-1.1889,-0.1486,0.2816,1.231
35.769610475,-1.1732,-0.1291,0.2503,1.207
35.779509282,-1.1302,-0.1329,0.2582,1.167
35.789575782,-1.0364,-0.1408,0.2151,1.068
35.799710321,-0.9621,-0.1369,0.2230,0.997
35.810140898,-0.9152,-0.0861,0.2699,0.958
35.82006059,-0.8878,-0.0665,0.3364,0.952
35.830066782,-0.9386,-0.0665,0.3871,1.018
35.840673744,-1.0089,-0.0861,0.4068,1.091
35.850460859,-1.2046,-0.1056,0.4223,1.281
35.86024159,-1.4509,-0.1408,0.3989,1.511
35.870436628,-1.6152,-0.1798,0.3676,1.666
35.880399975,-1.6347,-0.2347,0.3871,1.696
35.890750436,-1.6230,-0.2112,0.4068,1.686
35.901018628,-1.4821,-0.1329,0.3911,1.539
35.910621475,-1.2945,-0.1096,0.3441,1.344
35.921246321,-1.1068,-0.0392,0.3011,1.148
35.931471013,-0.9856,-0.0274,0.2307,1.013
35.945537205,-0.8643,-0.0117,0.1721,0.881
35.951449975,-0.7821,0.0000,0.1603,0.798
35.962148667,-0.7000,0.0157,0.1798,0.723
35.97213509,-0.6453,-0.0040,0.2190,0.681
35.982289128,-0.5983,0.0040,0.2230,0.639
35.992179321,-0.5709,-0.0040,0.2659,0.630
36.002179051,-0.5514,0.0117,0.2894,0.623
36.012010205,-0.5319,0.0195,0.2777,0.600
36.02232309,-0.5436,0.0040,0.2855,0.614
36.032572628,-0.5944,0.0078,0.2934,0.663
36.044142898,-0.6531,-0.0157,0.2777,0.710
36.05350609,-0.7431,-0.0392,0.2464,0.784
36.063203013,-0.8565,-0.0117,0.2894,0.904
36.074201667,-0.9307,-0.0352,0.3129,0.983
36.083473244,-0.9816,-0.0235,0.3364,1.038
36.093499321,-1.0364,-0.0235,0.3481,1.093
36.103712282,-1.1068,-0.0157,0.3402,1.158
36.114061205,-1.1380,-0.0195,0.3559,1.193
36.123765513,-1.1380,-0.0117,0.3636,1.195
36.134096282,-1.1263,0.0000,0.3481,1.179
36.144025859,-1.0755,-0.0078,0.3441,1.129
36.154297205,-1.0403,-0.0040,0.3246,1.090
36.164340744,-1.0129,0.0040,0.3168,1.061
36.174862359,-0.9894,-0.0078,0.3011,1.034
36.184944513,-0.9269,-0.0117,0.3089,0.977
36.194703744,-0.9112,0.0000,0.2894,0.956
36.206335667,-0.8721,-0.0040,0.2659,0.912
36.21503232,-0.8096,-0.0235,0.2816,0.857
36.225261128,-0.7939,0.0000,0.2934,0.846
36.235071397,-0.7509,-0.0157,0.2894,0.805
36.245947859,-0.7196,-0.0117,0.2972,0.779
36.258615013,-0.6962,-0.0117,0.2934,0.756
36.26557259,-0.6610,-0.0195,0.2816,0.719
36.275691167,-0.6453,-0.0352,0.2582,0.696
36.28578382,-0.6296,-0.0665,0.1955,0.663
36.296244897,-0.6179,-0.0704,0.1526,0.640
36.306328128,-0.5944,-0.0899,0.1329,0.616
36.316681436,-0.5631,-0.1017,0.2033,0.607
36.32656209,-0.5397,-0.1251,0.2582,0.611
36.337382474,-0.4889,-0.1446,0.2582,0.571
36.346562551,-0.5358,-0.1212,0.3286,0.640
36.35693482,-0.5866,-0.0704,0.4106,0.719
36.366781359,-0.6218,-0.0392,0.4341,0.759
36.377011628,-0.7117,0.0312,0.3833,0.809
36.387095474,-0.8526,0.0352,0.3441,0.920
36.397328859,-0.9739,0.0235,0.3481,1.034
36.40718859,-1.0598,0.0117,0.3676,1.122
36.417734051,-1.0950,0.0078,0.3989,1.165
36.42829509,-1.1185,-0.0078,0.4420,1.203
36.437796359,-1.1068,-0.0040,0.4693,1.202
36.448226513,-1.0755,-0.0235,0.4772,1.177
36.458165243,-1.0364,-0.0040,0.4145,1.116
36.469558128,-0.9777,0.0000,0.3754,1.047
36.479271782,-0.9386,-0.0157,0.3676,1.008
36.488821705,-0.9152,-0.0469,0.3168,0.970
36.49910632,-0.9073,-0.0821,0.2855,0.955
36.50873182,-0.9582,-0.1096,0.2972,1.009
36.519081743,-1.0246,-0.1173,0.2972,1.073
36.529485205,-1.1263,-0.1134,0.2699,1.164
36.538865936,-1.1889,-0.1681,0.2268,1.222
36.550777436,-1.3023,-0.1760,0.1564,1.323
36.559752628,-1.3610,-0.1916,0.1878,1.387
36.569752089,-1.4079,-0.1681,0.2659,1.443
36.580081936,-1.4392,-0.1212,0.3129,1.478
36.58990282,-1.4548,-0.0626,0.3129,1.489
36.601065436,-1.4469,-0.0078,0.3207,1.482
36.610481859,-1.4783,0.0117,0.3051,1.510
36.620750282,-1.4548,0.0235,0.2894,1.484
36.630438166,-1.4431,0.0392,0.3011,1.475
36.641156205,-1.4587,0.0430,0.3129,1.492
36.654167974,-1.5096,0.0430,0.2659,1.533
36.661359974,-1.4353,0.0509,0.2699,1.461
36.671732051,-1.3453,0.0312,0.3168,1.382
36.681607859,-1.2006,0.0352,0.3364,1.247
36.691659166,-1.0676,0.0117,0.3364,1.119
36.701515205,-0.9894,0.0312,0.3481,1.049
36.711901205,-0.9347,0.0235,0.3676,1.005
36.721732743,-0.8526,0.0157,0.3559,0.924
36.731968743,-0.7704,-0.0117,0.3441,0.844
36.741985589,-0.7469,-0.0352,0.3089,0.809
36.753293782,-0.7000,-0.0587,0.2972,0.763
36.761759935,-0.6765,-0.0861,0.2699,0.733
36.772004089,-0.6610,-0.0744,0.2307,0.704
36.78272432,-0.6531,-0.0861,0.2307,0.698
36.792193589,-0.6453,-0.0587,0.2425,0.692
36.802280282,-0.6258,-0.0235,0.2582,0.677
36.812482551,-0.6023,-0.0040,0.2659,0.658
36.823080666,-0.6218,0.0392,0.2620,0.676
36.83303432,-0.6101,0.0352,0.2582,0.663
36.843305858,-0.6296,0.0665,0.2620,0.685
36.853048051,-0.6453,0.0861,0.2737,0.706
36.865074858,-0.6727,0.0978,0.2582,0.727
36.873899282,-0.6844,0.1212,0.2503,0.739
36.883834935,-0.7469,0.1017,0.2385,0.791
36.894345858,-0.7939,0.0978,0.2073,0.826
36.904090012,-0.8369,0.1096,0.2151,0.871
36.914769166,-0.8995,0.1173,0.2542,0.942
36.924634128,-0.8760,0.1369,0.2855,0.931
36.934238128,-0.8408,0.1446,0.2855,0.900
36.944770705,-0.7704,0.1526,0.3011,0.841
36.954624705,-0.7117,0.1291,0.3089,0.787
36.964855551,-0.6687,0.0939,0.3129,0.744
36.975056397,-0.6296,0.0587,0.3286,0.713
36.984789666,-0.6061,0.0195,0.3168,0.684
36.994937435,-0.6492,-0.0078,0.2777,0.706
37.005668205,-0.6844,-0.0392,0.2073,0.716
37.015812397,-0.7274,-0.0587,0.2033,0.758
37.025761397,-0.7548,-0.0626,0.2307,0.792
37.036299743,-0.8369,-0.0235,0.2777,0.882
37.049792089,-0.9073,0.0117,0.3246,0.964
37.056096704,-0.9425,0.0469,0.3793,1.017
37.066449281,-0.9856,0.0547,0.4185,1.072
37.076725474,-1.0051,0.0587,0.3950,1.082
37.086529666,-0.9894,0.0509,0.3871,1.064
37.096612628,-0.9973,0.0195,0.3950,1.073
37.10673882,-1.0011,0.0157,0.3793,1.071
37.116799512,-0.9934,0.0117,0.3793,1.063
37.126929358,-0.9856,0.0000,0.3989,1.063
37.136935974,-0.9856,0.0078,0.3871,1.059
37.147965012,-1.0011,-0.0117,0.3636,1.065
37.157365935,-1.0286,-0.0040,0.3519,1.087
37.167042358,-1.0520,0.0195,0.3364,1.105
37.177699589,-1.0286,0.0392,0.3519,1.088
37.188090166,-1.0364,0.0665,0.3911,1.110
37.198272051,-1.0441,0.1017,0.3950,1.121
37.208213358,-1.1145,0.1329,0.4185,1.198
37.218133858,-1.1732,0.1329,0.4028,1.248
37.227901435,-1.2163,0.0821,0.3636,1.272
37.238728474,-1.2476,-0.0195,0.3168,1.287
37.248319435,-1.2945,-0.0861,0.2659,1.324
37.259071474,-1.3415,-0.1251,0.2542,1.371
37.269316512,-1.3727,-0.1212,0.2582,1.402
37.27897655,-1.3767,-0.1329,0.2894,1.413
37.289590743,-1.3180,-0.1291,0.2894,1.356
37.299062089,-1.1811,-0.1173,0.2659,1.216
37.31008955,-1.0403,-0.0899,0.2464,1.073
37.32015555,-0.9307,-0.0782,0.2582,0.969
37.32991705,-0.8917,-0.0665,0.2307,0.923
37.34028255,-0.9307,-0.0665,0.1838,0.951
37.35002955,-1.0168,-0.0782,0.1838,1.036
37.36001632,-1.1028,-0.0978,0.2542,1.136
37.370446281,-1.2279,-0.0899,0.3441,1.278
37.380374512,-1.2945,-0.0939,0.3950,1.357
37.39074082,-1.3101,-0.1056,0.4068,1.376
37.400717666,-1.3023,-0.1134,0.4185,1.373
37.411282435,-1.2006,-0.1212,0.3950,1.270
37.421232935,-1.1185,-0.0861,0.3716,1.182
37.430824397,-1.0716,-0.0821,0.3559,1.132
37.444839012,-1.0246,-0.0469,0.3402,1.081
37.451197012,-0.9934,-0.0392,0.3168,1.043
37.461262704,-0.9739,-0.0235,0.3089,1.022
37.471935858,-0.9542,-0.0195,0.2894,0.997
37.482119396,-0.9659,-0.0117,0.2934,1.010
37.492142127,-0.9425,-0.0392,0.3011,0.990
37.50206932,-0.9464,-0.0352,0.3089,0.996
37.512553281,-0.9582,-0.0861,0.2855,1.003
37.523502896,-0.9659,-0.0899,0.2737,1.008
37.532900281,-0.9269,-0.0939,0.2542,0.966
37.543164512,-0.9269,-0.0978,0.2699,0.970
37.553301896,-0.9073,-0.0821,0.2894,0.956
37.562914627,-0.8682,-0.0899,0.2737,0.915
37.573744704,-0.8330,-0.0509,0.2855,0.882
37.583170819,-0.8251,-0.0392,0.2816,0.873
37.593258781,-0.7939,-0.0117,0.2659,0.837
37.603624319,-0.7744,-0.0195,0.2737,0.822
37.613987435,-0.7704,0.0040,0.2894,0.823
37.623754281,-0.7548,0.0078,0.2699,0.802
37.634135666,-0.7626,0.0000,0.2816,0.813
37.643286627,-0.7548,0.0040,0.2737,0.803
37.654579935,-0.7469,-0.0078,0.2777,0.797
37.663983896,-0.7548,0.0000,0.2620,0.799
37.673980896,-0.7469,-0.0078,0.2425,0.785
37.684470319,-0.7352,-0.0235,0.2737,0.785
37.694113473,-0.7274,-0.0312,0.2816,0.781
37.705113896,-0.7235,-0.0235,0.2816,0.777
37.714830319,-0.7079,-0.0430,0.2972,0.769
37.724907704,-0.7079,-0.0509,0.3089,0.774
37.735255704,-0.7157,-0.0587,0.3129,0.783
37.745488012,-0.6962,-0.0821,0.3051,0.765
37.757248819,-0.6687,-0.0626,0.3011,0.736
37.765479896,-0.6648,-0.0821,0.2972,0.733
37.775188358,-0.6805,-0.0626,0.3051,0.748
37.785771665,-0.6648,-0.0587,0.3246,0.742
37.795689742,-0.6687,-0.0509,0.3129,0.740
37.805494396,-0.6531,-0.0587,0.3168,0.728
37.815675012,-0.6492,-0.0509,0.3324,0.731
37.826081435,-0.6570,-0.0547,0.3324,0.738
37.836809127,-0.6765,-0.0274,0.3324,0.754
37.846118473,-0.6844,-0.0392,0.3441,0.767
37.856738742,-0.7157,-0.0392,0.3402,0.793
37.866561589,-0.7587,-0.0430,0.3481,0.836
37.876830819,-0.8565,-0.0587,0.3441,0.925
37.886622204,-0.9307,-0.0626,0.3402,0.993
37.896942281,-0.9739,-0.0704,0.3246,1.029
37.907391396,-0.9894,-0.0626,0.3559,1.053
37.917617281,-1.0168,-0.0547,0.3989,1.094
37.927471012,-1.0011,-0.0235,0.4458,1.096
37.937535204,-1.0051,-0.0195,0.4458,1.100
37.947477665,-1.0520,-0.0430,0.4068,1.129
37.957463204,-1.1577,-0.0899,0.3519,1.213
37.968757704,-1.2319,-0.1681,0.2816,1.275
37.978287088,-1.3453,-0.1681,0.1838,1.368
37.98856455,-1.3767,-0.1995,0.1173,1.396
37.998276088,-1.3649,-0.2151,0.0899,1.385
38.008459088,-1.3415,-0.1916,0.1134,1.360
38.019065435,-1.3258,-0.1369,0.1446,1.341
38.029269473,-1.3140,-0.0744,0.1916,1.330
38.039404319,-1.2983,-0.0352,0.2230,1.318
38.049448742,-1.2906,-0.0040,0.2307,1.311
38.059535088,-1.2671,0.0117,0.2464,1.291
38.069130781,-1.2788,0.0235,0.2699,1.307
38.079387242,-1.2945,0.0392,0.3089,1.331
38.089657742,-1.3335,0.0312,0.3246,1.373
38.101045896,-1.3570,0.0626,0.3676,1.407
38.109468242,-1.3767,0.0665,0.4028,1.436
38.119701204,-1.4236,0.0665,0.3911,1.478
38.130036896,-1.4236,0.0312,0.3793,1.474
38.140273896,-1.4274,0.0040,0.3519,1.470
38.153055588,-1.4079,-0.0235,0.3364,1.448
38.160115281,-1.3453,-0.0392,0.2816,1.375
38.170818088,-1.2436,-0.0509,0.2699,1.274
38.181053281,-1.0990,-0.0430,0.2542,1.129
38.190954627,-0.9699,-0.0430,0.2190,0.995
38.20125105,-0.8056,-0.0274,0.1955,0.829
38.211322934,-0.6962,-0.0235,0.1760,0.718
38.221689665,-0.6296,-0.0312,0.1798,0.656
38.232334781,-0.5827,-0.0157,0.1878,0.612
38.241203934,-0.5631,-0.0040,0.2307,0.609
38.251970627,-0.5436,0.0078,0.1995,0.579
38.261784627,-0.5279,-0.0040,0.1995,0.564
38.271867357,-0.5592,0.0117,0.2033,0.595
38.282077819,-0.5788,0.0235,0.2425,0.628
38.292141396,-0.5866,0.0195,0.2347,0.632
38.302524127,-0.6179,0.0312,0.2425,0.664
38.312464704,-0.6296,0.0626,0.2307,0.673
38.322041627,-0.6413,0.0509,0.2347,0.685
38.332367011,-0.6805,0.0509,0.2347,0.722
38.342820896,-0.6844,0.0274,0.2347,0.724
38.352658242,-0.7274,0.0430,0.2073,0.758
38.36465655,-0.7666,0.0587,0.2230,0.801
38.37299755,-0.7861,0.0861,0.2190,0.821
38.383417819,-0.7666,0.0939,0.1878,0.795
38.393755742,-0.7314,0.0665,0.2073,0.763
38.40381905,-0.7157,0.0744,0.1798,0.742
38.414075434,-0.6648,0.0744,0.1878,0.695
38.423919011,-0.6453,0.0821,0.2073,0.683
38.434084742,-0.6335,0.0821,0.1916,0.667
38.44450805,-0.6218,0.0509,0.1995,0.655
38.45400478,-0.6375,0.0704,0.2151,0.676
38.464378434,-0.6531,0.0704,0.2033,0.688
38.47448778,-0.6413,0.0626,0.2151,0.679
38.485005742,-0.6805,0.0744,0.2073,0.715
38.496447011,-0.6962,0.0978,0.2542,0.748
38.504692357,-0.7040,0.0939,0.2934,0.768
38.515090588,-0.7352,0.0978,0.3324,0.813
38.525260665,-0.7939,0.1369,0.3636,0.884
38.53517355,-0.8721,0.1681,0.3871,0.969
38.548975319,-0.9230,0.1681,0.4028,1.021
38.555149742,-0.9856,0.1721,0.4185,1.084
38.565775473,-1.0520,0.1526,0.4263,1.145
38.576193703,-1.1654,0.1643,0.4341,1.254
38.585900434,-1.2710,0.1408,0.4028,1.341
38.596203819,-1.4079,0.1096,0.3519,1.455
38.606412626,-1.5173,0.0000,0.2073,1.531
38.617130319,-1.6582,-0.0861,0.0157,1.660
38.626783357,-1.7872,-0.1721,-0.0469,1.796
38.636883357,-1.8851,-0.2425,0.0078,1.901
38.647971896,-1.8224,-0.2230,0.0626,1.837
38.65667228,-1.6661,-0.2307,0.0939,1.685
38.667093896,-1.4861,-0.2347,0.0861,1.507
38.677015665,-1.2476,-0.2582,0.0861,1.277
38.687205511,-1.0207,-0.2542,0.0626,1.054
38.697759473,-0.9386,-0.2230,0.1017,0.970
38.707875242,-0.9230,-0.1798,0.1916,0.960
38.717995549,-0.9152,-0.1486,0.3286,0.984
38.728127703,-0.9504,-0.0665,0.4537,1.055
38.737584126,-1.0441,0.0040,0.5866,1.198
38.748228319,-1.1889,0.0469,0.6179,1.341
38.75851678,-1.3101,0.0509,0.6140,1.448
38.768376934,-1.3767,0.0117,0.5983,1.501
38.778273626,-1.3727,-0.0078,0.4927,1.458
38.788268011,-1.3727,-0.0469,0.4263,1.438
38.798426011,-1.3180,-0.0626,0.3754,1.372
38.809148165,-1.2163,-0.0352,0.3441,1.265
38.818974626,-1.1302,-0.0117,0.2855,1.166
38.829111703,-0.9934,-0.0078,0.2073,1.015
38.839349742,-0.7978,0.0352,0.1721,0.817
38.849191934,-0.6727,0.0352,0.1643,0.693
38.861894395,-0.5749,0.0430,0.1408,0.593
38.870047972,-0.4810,0.0626,0.1173,0.499
38.880312703,-0.4185,0.0704,0.1291,0.444
38.891613857,-0.4106,0.0782,0.1643,0.449
38.899758588,-0.3754,0.0861,0.2151,0.441
38.910525549,-0.3676,0.0587,0.2542,0.451
38.920595549,-0.3716,0.0312,0.2777,0.465
38.930550203,-0.4106,0.0312,0.2816,0.499
38.940683011,-0.4772,0.0157,0.2855,0.556
38.950880549,-0.5436,-0.0040,0.3011,0.621
38.960774165,-0.6179,0.0040,0.3286,0.700
38.971207395,-0.6805,-0.0157,0.3246,0.754
38.981062742,-0.7548,-0.0392,0.3246,0.823
38.991210818,-0.8251,-0.0665,0.3286,0.891
39.001346549,-0.9621,-0.0861,0.3716,1.035
39.012321511,-1.0364,-0.1134,0.4458,1.134
39.022984549,-1.1224,-0.0821,0.5202,1.240
39.031410165,-1.1459,-0.1017,0.5436,1.272
39.041833472,-1.0911,-0.1017,0.4927,1.201
39.051747742,-1.0364,-0.1212,0.4341,1.130
39.06166928,-0.9347,-0.1681,0.3598,1.016
39.072826588,-0.8173,-0.2033,0.2777,0.887
39.082576011,-0.7117,-0.1955,0.2934,0.794
39.093092126,-0.6727,-0.1760,0.3676,0.787
39.102928357,-0.6375,-0.1096,0.4068,0.764
39.112783395,-0.6179,-0.0626,0.4497,0.767
39.123201857,-0.6061,0.0117,0.5084,0.791
39.133176895,-0.6179,0.0665,0.5279,0.815
39.178570741,-0.6296,0.1446,0.4889,0.810
39.179298665,-0.6687,0.1760,0.5241,0.868
39.179762665,-0.6883,0.1995,0.5358,0.895
39.180112357,-0.7392,0.1486,0.5319,0.923
39.183672818,-0.8760,0.0978,0.4458,0.988
39.193883126,-1.0911,0.0157,0.3324,1.141
39.208299049,-1.3415,-0.1173,0.1721,1.358
39.214188049,-1.4861,-0.2347,-0.0547,1.506
39.224339934,-1.6386,-0.3011,-0.1526,1.673
39.235132511,-1.7443,-0.2934,-0.1916,1.779
39.244706895,-1.8420,-0.3286,-0.1017,1.874
39.258463664,-1.8851,-0.2542,-0.0547,1.903
39.26477228,-1.8107,-0.1212,0.0040,1.815
39.275725203,-1.6309,0.0312,0.0861,1.633
39.285312395,-1.4548,0.2073,0.1212,1.475
39.294722549,-1.2436,0.2816,0.1643,1.286
39.306214241,-1.0793,0.3089,0.1838,1.138
39.315507972,-0.9582,0.2816,0.2347,1.026
39.32575928,-0.9934,0.2230,0.1878,1.035
39.336678895,-1.0716,0.1251,0.1017,1.084
39.345850549,-1.2397,0.0235,0.1212,1.246
39.356087626,-1.3649,-0.0040,0.1291,1.371
39.366169472,-1.4314,-0.0392,0.2151,1.448
39.37631478,-1.5253,-0.0665,0.3441,1.565
39.386266357,-1.5173,-0.0547,0.3716,1.563
39.396582587,-1.4314,-0.0626,0.3011,1.464
39.407133934,-1.3335,-0.0352,0.2972,1.367
39.41663228,-1.1732,-0.0312,0.3051,1.213
39.426575664,-0.9973,-0.0312,0.2737,1.035
39.436829472,-0.8251,-0.0274,0.2151,0.853
39.446953934,-0.6648,-0.0117,0.2190,0.700
39.456999741,-0.5788,-0.0157,0.2151,0.618
39.468018087,-0.5202,0.0040,0.2268,0.567
39.477116587,-0.4615,0.0078,0.2268,0.514
39.48781478,-0.4223,0.0392,0.2307,0.483
39.497887203,-0.4420,0.0509,0.2307,0.501
39.507786203,-0.4223,0.0587,0.2659,0.503
39.517653241,-0.4380,0.0861,0.2934,0.534
39.528226164,-0.4810,0.0744,0.3168,0.581
39.538632395,-0.5241,0.0626,0.3207,0.618
39.548522433,-0.5749,0.0744,0.2855,0.646
39.558205972,-0.6258,0.0312,0.2816,0.687
39.569049241,-0.6531,0.0665,0.2855,0.716
39.578973472,-0.7040,0.0312,0.3051,0.768
39.589056241,-0.7899,0.0352,0.2894,0.842
39.599651587,-0.9073,0.0547,0.3011,0.958
39.609278126,-0.9973,0.0821,0.3089,1.047
39.619896549,-1.0911,0.0704,0.3051,1.135
39.629805856,-1.1811,0.0665,0.2972,1.220
39.640059203,-1.2554,0.0744,0.3011,1.293
39.652144164,-1.2710,0.0626,0.3051,1.309
39.660200664,-1.3101,0.1134,0.2934,1.347
39.67010328,-1.3335,0.1017,0.3324,1.378
39.680551433,-1.3492,0.1329,0.3793,1.408
39.690353741,-1.3687,0.1603,0.3793,1.429
39.70070701,-1.3258,0.2503,0.3833,1.403
39.710629164,-1.3023,0.3129,0.4068,1.400
39.720987972,-1.2788,0.3402,0.3989,1.382
39.731284279,-1.2476,0.3324,0.3676,1.342
39.741100472,-1.2084,0.2582,0.3207,1.277
39.751647587,-1.1967,0.1408,0.2425,1.229
39.761230049,-1.1694,0.0352,0.1096,1.175
39.771198356,-1.1694,-0.0235,-0.0235,1.170
39.782236895,-1.1654,-0.0704,-0.1329,1.175
39.791910664,-1.0911,-0.0665,-0.2307,1.117
39.802200933,-1.0676,-0.0939,-0.2503,1.101
39.812041126,-1.0793,-0.1173,-0.1486,1.096
39.82206351,-1.0089,-0.1643,-0.0117,1.022
39.832594818,-0.9582,-0.1526,0.0665,0.973
39.84256551,-0.8878,-0.1798,0.1056,0.912
39.85278101,-0.8448,-0.1681,0.0899,0.866
39.866953279,-0.7782,-0.1760,0.1134,0.806
39.873016279,-0.7626,-0.1838,0.1251,0.794
39.883751279,-0.7861,-0.1760,0.1526,0.820
39.893462587,-0.8291,-0.1564,0.1681,0.860
39.903234433,-0.8917,-0.1564,0.2033,0.928
39.913151202,-0.9621,-0.1564,0.2659,1.010
39.923513318,-1.0129,-0.1291,0.3364,1.075
39.933583318,-1.1107,-0.1096,0.3481,1.169
39.944424818,-1.1342,-0.0861,0.3286,1.184
39.953930395,-1.1342,-0.0547,0.3324,1.183
39.96545351,-1.0990,-0.0392,0.3246,1.147
39.974384895,-1.0598,-0.0430,0.2894,1.099
39.984489702,-0.9934,-0.0312,0.2582,1.027
39.996014087,-0.9464,-0.0117,0.2112,0.970
40.004330664,-0.8643,-0.0157,0.1603,0.879
40.015130972,-0.7861,-0.0157,0.1251,0.796
40.025223625,-0.7235,-0.0157,0.1329,0.736
40.034926779,-0.7079,-0.0274,0.1212,0.719
40.048547664,-0.6687,-0.0547,0.1329,0.684
40.055125625,-0.6962,-0.0469,0.1329,0.710
40.065511972,-0.7079,-0.0587,0.1760,0.732
40.075557241,-0.7392,-0.0587,0.1955,0.767
40.085669856,-0.8017,-0.0665,0.2385,0.839
40.096167972,-0.8486,-0.0704,0.2816,0.897
40.106201741,-0.9034,-0.0744,0.3011,0.955
40.116206356,-0.9230,-0.0744,0.3286,0.983
40.126840241,-0.9386,-0.1017,0.3598,1.010
40.136297356,-0.9777,-0.0861,0.3716,1.049
40.14634101,-1.0246,-0.0939,0.3716,1.094
40.156399971,-0.9816,-0.1056,0.3950,1.063
40.166280164,-0.9973,-0.1096,0.3911,1.077
40.177125856,-0.9307,-0.1134,0.3676,1.007
40.186694241,-0.9073,-0.1056,0.3754,0.988
40.196740048,-0.8917,-0.0899,0.3716,0.970
40.207346087,-0.8486,-0.0509,0.3598,0.923
40.216851625,-0.8838,-0.0626,0.3676,0.959
40.227021087,-0.8565,-0.0469,0.3676,0.933
40.237272741,-0.8878,-0.0587,0.3598,0.960
40.247385587,-0.8995,-0.0665,0.3519,0.968
40.262513933,-0.8408,-0.0665,0.3441,0.911
40.267950356,-0.8878,-0.0821,0.3519,0.958
40.278254048,-0.8838,-0.0782,0.3754,0.963
40.288469548,-0.8955,-0.0744,0.3950,0.982
40.298167894,-0.9230,-0.0744,0.3716,0.998
40.308767394,-0.9307,-0.0939,0.3716,1.007
40.318437664,-0.9425,-0.0899,0.3754,1.018
40.328976971,-0.9816,-0.0821,0.3833,1.057
40.339027587,-1.0324,-0.0821,0.3833,1.104
40.348909856,-1.0911,-0.0704,0.4380,1.178
40.360804433,-1.1615,-0.0274,0.4654,1.252
40.36939751,-1.2163,0.0312,0.4615,1.301
40.379519664,-1.2241,0.0626,0.4967,1.323
40.390772048,-1.1967,0.0547,0.5124,1.303
40.399502394,-1.1811,0.0704,0.4615,1.270
40.410031894,-1.1849,0.0587,0.4106,1.255
40.419920548,-1.1497,0.0235,0.3441,1.200
40.429875164,-1.2319,-0.0469,0.2934,1.267
40.440264394,-1.2397,-0.1056,0.1798,1.257
40.450182241,-1.2163,-0.1681,0.0547,1.229
40.460280817,-1.2006,-0.2425,-0.0392,1.226
40.470493394,-1.1849,-0.2699,-0.1643,1.226
40.481113856,-1.1380,-0.2699,-0.2190,1.190
40.490677317,-1.0950,-0.2307,-0.2268,1.142
40.501319664,-1.0403,-0.1446,-0.1603,1.062
40.511263856,-0.9894,-0.0704,-0.0821,0.995
40.522496202,-0.9073,-0.0157,-0.0392,0.908
40.531454933,-0.7548,0.0392,-0.0235,0.756
40.541747587,-0.6922,0.0861,0.0117,0.698
40.55160774,-0.6179,0.1212,0.0626,0.633
40.561592279,-0.6061,0.1486,0.1017,0.632
40.572401664,-0.6570,0.1603,0.1681,0.697
40.581737394,-0.7117,0.1564,0.1916,0.753
40.592196163,-0.7978,0.0782,0.1486,0.815
40.602394163,-0.8995,-0.0195,0.1212,0.908
40.612086433,-0.9816,-0.0704,0.0899,0.988
40.622261817,-1.0911,-0.1329,0.0899,1.103
40.632643433,-1.1929,-0.1643,0.1408,1.212
40.642766702,-1.2279,-0.1603,0.1838,1.252
40.653076433,-1.2241,-0.1369,0.1995,1.248
40.663213163,-1.1967,-0.1369,0.2112,1.223
40.673221202,-1.1107,-0.0939,0.2307,1.138
40.683226587,-1.0481,-0.0704,0.2151,1.072
40.693562817,-0.9425,-0.0547,0.1916,0.963
40.70376951,-0.8330,-0.0430,0.1995,0.858
40.713361125,-0.7352,-0.0195,0.1721,0.755
40.723848663,-0.6922,-0.0078,0.1878,0.717
40.734272279,-0.6531,-0.0195,0.1526,0.671
40.743515548,-0.6610,-0.0117,0.1486,0.678
40.756601548,-0.6727,0.0117,0.1212,0.684
40.764240894,-0.7314,0.0157,0.1096,0.740
40.774240779,-0.7744,0.0430,0.1134,0.784
40.78598324,-0.8800,0.0899,0.1408,0.896
40.794390894,-0.9269,0.0861,0.1838,0.949
40.804931779,-0.9973,0.0744,0.2230,1.025
40.814986702,-1.0638,0.0821,0.2112,1.088
40.825212086,-1.1107,0.0626,0.2033,1.131
40.83552574,-1.1145,0.0392,0.2190,1.137
40.84533174,-1.0793,0.0040,0.2268,1.103
40.855487279,-1.0716,0.0000,0.2151,1.093
40.865606586,-1.0129,-0.0040,0.2151,1.035
40.875883471,-0.9777,-0.0040,0.1681,0.992
40.88798474,-0.9464,0.0000,0.1721,0.962
40.895742202,-0.8643,0.0157,0.1955,0.886
40.906189432,-0.8800,0.0157,0.2307,0.910
40.916472279,-0.8760,0.0782,0.2073,0.904
40.926129625,-0.8565,0.0978,0.1916,0.883
40.936440971,-0.8526,0.0899,0.2033,0.881
40.94664624,-0.8995,0.1056,0.2230,0.933
40.956495894,-0.9386,0.1096,0.2307,0.973
40.967053932,-0.9777,0.1251,0.2307,1.012
40.977247279,-1.0286,0.1096,0.2582,1.066
40.987375586,-1.0872,0.1096,0.2816,1.128
40.997799548,-1.1380,0.1212,0.2816,1.179
41.007591932,-1.1811,0.1134,0.2972,1.223
41.01702824,-1.2593,0.0665,0.3129,1.299
41.027412125,-1.2319,0.0939,0.3207,1.276
41.037985779,-1.2476,0.1096,0.2894,1.285
41.048426432,-1.2554,0.1017,0.2737,1.289
41.058219125,-1.2397,0.0782,0.1916,1.257
41.068574009,-1.2436,0.0430,0.1408,1.252
41.07837074,-1.2749,0.0157,0.1173,1.280
41.088714163,-1.2514,0.0312,0.0704,1.254
41.099356125,-1.2476,0.0312,-0.0078,1.248
41.108761471,-1.2319,0.0040,-0.0782,1.234
41.119093625,-1.2202,-0.0274,-0.1486,1.229
41.129087125,-1.1967,-0.0587,-0.2073,1.216
41.138932432,-1.1420,-0.0821,-0.1838,1.160
41.152171625,-1.0441,-0.1096,-0.1760,1.065
41.159540278,-0.9739,-0.1134,-0.1486,0.992
41.169635163,-0.8213,-0.1251,-0.1291,0.841
41.180163163,-0.7117,-0.1212,-0.0704,0.725
41.189573125,-0.6492,-0.0978,-0.0235,0.657
41.200383548,-0.6335,-0.1017,0.0235,0.642
41.210566702,-0.6296,-0.1017,0.1017,0.646
41.220501663,-0.6805,-0.0782,0.1681,0.705
41.231146086,-0.7782,-0.0547,0.1526,0.795
41.240670086,-0.8838,-0.0157,0.1564,0.898
41.285883971,-0.9659,-0.0469,0.2033,0.988
41.286871278,-1.0481,-0.0509,0.2699,1.083
41.28745124,-1.1537,-0.0587,0.2777,1.188
41.287919201,-1.1849,-0.0547,0.2699,1.217
41.291089625,-1.2006,-0.0547,0.2230,1.222
41.301572855,-1.1967,-0.0509,0.1995,1.214
41.311846509,-1.1185,-0.0235,0.1486,1.129
41.321749817,-1.0481,-0.0274,0.1173,1.055
41.33206324,-0.9659,-0.0195,0.1173,0.973
41.342305894,-0.8603,-0.0235,0.1329,0.871
41.352164701,-0.7782,-0.0117,0.1056,0.785
41.367301355,-0.7235,-0.0078,0.1017,0.731
41.372583048,-0.6844,-0.0195,0.0978,0.692
41.382341471,-0.6883,-0.0195,0.1173,0.698
41.392432548,-0.6962,-0.0392,0.1173,0.707
41.402487894,-0.7469,-0.0469,0.1251,0.759
41.413056124,-0.8017,-0.0704,0.1486,0.818
41.423190317,-0.8603,-0.0899,0.1798,0.884
41.433271009,-0.8760,-0.0821,0.1955,0.901
41.443402894,-0.9542,-0.0782,0.2190,0.982
41.453310317,-0.9504,-0.0861,0.2582,0.989
41.465165932,-0.9816,-0.0821,0.2934,1.028
41.47356224,-0.9699,-0.0861,0.3051,1.020
41.483821163,-0.9973,-0.0626,0.3246,1.051
41.494410624,-0.9816,-0.0509,0.3168,1.033
41.504093663,-0.9739,-0.0704,0.3286,1.030
41.51446124,-0.9739,-0.0782,0.3207,1.028
41.524555855,-0.9582,-0.0665,0.3286,1.015
41.534237855,-0.9777,-0.0626,0.2934,1.023
41.544434624,-0.9659,-0.1096,0.2894,1.014
41.554934124,-0.9699,-0.1173,0.2659,1.013
41.56501197,-0.9699,-0.1251,0.2503,1.009
41.575083432,-0.9542,-0.1329,0.2347,0.992
41.585228432,-0.9504,-0.0978,0.2542,0.989
41.594680124,-0.9856,-0.0665,0.2659,1.023
41.60486547,-1.0207,-0.0392,0.3089,1.067
41.614977509,-1.0364,-0.0040,0.3364,1.090
41.626248817,-1.0716,0.0078,0.3441,1.125
41.635503355,-1.1185,0.0040,0.3793,1.181
41.64641647,-1.1145,0.0000,0.3716,1.175
41.656174624,-1.1420,-0.0195,0.3246,1.187
41.666077355,-1.1459,-0.0939,0.2464,1.176
41.675902047,-1.1302,-0.1329,0.2307,1.161
41.686452586,-1.1380,-0.1291,0.2230,1.167
41.696743355,-1.1811,-0.0978,0.1721,1.198
41.706852855,-1.2163,-0.0665,0.1056,1.223
41.716776932,-1.2319,-0.0939,0.0195,1.236
41.726806086,-1.2945,-0.0978,-0.0235,1.298
41.73719724,-1.2788,-0.1134,-0.0587,1.285
41.746901009,-1.2397,-0.0744,-0.0626,1.243
41.761566124,-1.1694,-0.0352,-0.0312,1.170
41.766983624,-1.0793,0.0040,-0.0312,1.080
41.777201547,-1.0089,0.0547,-0.0430,1.011
41.787074778,-0.9112,0.1486,-0.0274,0.924
41.797484624,-0.8291,0.1838,0.0312,0.850
41.807847547,-0.7626,0.2230,0.0509,0.796
41.817596509,-0.7548,0.2385,0.0509,0.793
41.828165893,-0.7548,0.2073,0.0469,0.784
41.838030278,-0.7704,0.1134,0.1291,0.789
41.847967047,-0.8603,0.0274,0.1291,0.870
41.860520355,-0.8955,0.0040,0.0978,0.901
41.868253316,-0.9504,-0.0430,0.1291,0.960
41.878355163,-0.9816,-0.0587,0.1564,0.996
41.890440778,-0.9739,-0.0899,0.1838,0.995
41.898732663,-0.9542,-0.0821,0.1995,0.978
41.909074624,-0.9269,-0.0626,0.2347,0.958
41.919039547,-0.8526,-0.0547,0.1995,0.877
41.929158547,-0.8056,-0.0587,0.2073,0.834
41.939777932,-0.7899,-0.0235,0.2033,0.816
41.949179086,-0.7626,-0.0157,0.1721,0.782
41.960748816,-0.7626,0.0157,0.1564,0.779
41.969695124,-0.7352,0.0078,0.1564,0.752
41.979642162,-0.7352,0.0040,0.1446,0.749
41.989861739,-0.7626,0.0078,0.1369,0.775
42.000145201,-0.7821,0.0274,0.1212,0.792
42.010526278,-0.8056,0.0274,0.1251,0.816
42.020777201,-0.8838,0.0430,0.1486,0.897
42.030642509,-0.9190,0.0704,0.1838,0.940
42.04101847,-0.9659,0.0939,0.2112,0.993
42.050959701,-0.9856,0.0782,0.2503,1.020
42.061145662,-1.0207,0.0978,0.2659,1.059
42.072015893,-1.0481,0.0821,0.2659,1.084
42.081246316,-1.0716,0.0899,0.2620,1.107
42.091373432,-1.0755,0.0704,0.3089,1.121
42.101744316,-1.0911,0.0547,0.3089,1.135
42.112007509,-1.0911,0.0509,0.3207,1.138
42.122274201,-1.0911,0.0626,0.3246,1.140
42.132157239,-1.1302,0.0587,0.3481,1.184
42.142725701,-1.0990,0.0704,0.3286,1.149
42.157024778,-1.0638,0.0312,0.3207,1.111
42.162583355,-1.0403,-0.0040,0.3089,1.085
42.172990585,-1.0403,-0.0157,0.3129,1.086
42.182973585,-1.0286,0.0195,0.3089,1.074
42.192778816,-1.0246,0.0392,0.3286,1.077
42.202929932,-1.0246,0.0352,0.3207,1.074
42.21392347,-1.0598,0.0509,0.3441,1.115
42.223813701,-1.0638,0.0195,0.3519,1.121
42.233199393,-1.0520,0.0078,0.3129,1.098
42.243749739,-0.9934,-0.0469,0.2385,1.023
42.255768239,-0.9542,-0.0861,0.1329,0.967
42.264251355,-0.9152,-0.1173,0.0274,0.923
42.273798816,-0.9190,-0.1212,-0.0392,0.928
42.284079662,-0.8603,-0.1096,-0.0509,0.869
42.293710239,-0.7899,-0.0861,-0.0274,0.795
42.304631508,-0.7235,-0.0509,0.0235,0.726
42.314735239,-0.6844,-0.0235,0.1096,0.694
42.325030393,-0.6727,-0.0312,0.1878,0.699
42.33492747,-0.6922,-0.0235,0.2503,0.736
42.345580739,-0.7666,-0.0509,0.2659,0.813
42.355514739,-0.8995,-0.0978,0.2699,0.944
42.365367393,-1.0403,-0.1291,0.2699,1.082
42.375016931,-1.2046,-0.1526,0.3011,1.251
42.385453124,-1.3570,-0.1526,0.3286,1.405
42.395496239,-1.4236,-0.1564,0.3246,1.468
42.405993855,-1.4939,-0.1486,0.3286,1.537
42.415900162,-1.5213,-0.1291,0.3793,1.573
42.425774662,-1.4783,-0.0861,0.3871,1.531
42.435894316,-1.3922,-0.0312,0.3911,1.446
42.446616585,-1.2749,-0.0040,0.3911,1.334
42.456203931,-1.0833,0.0157,0.3519,1.139
42.470209854,-0.9073,0.0195,0.3011,0.956
42.476556431,-0.7352,0.0117,0.2934,0.792
42.486793278,-0.6413,0.0078,0.2503,0.688
42.496706124,-0.5866,-0.0117,0.1878,0.616
42.506661893,-0.5045,0.0157,0.1760,0.535
42.517328624,-0.5006,0.0235,0.1564,0.525
42.527246008,-0.5045,0.0195,0.1603,0.530
42.537442624,-0.5241,0.0312,0.1798,0.555
42.547829393,-0.5631,0.0430,0.2190,0.606
42.55743247,-0.6061,0.0312,0.2230,0.647
42.568758508,-0.6531,0.0626,0.2582,0.705
42.577731547,-0.6962,0.0587,0.2620,0.746
42.588163585,-0.7509,0.0509,0.2385,0.790
42.598724316,-0.7744,0.0352,0.2620,0.818
42.608660008,-0.8682,0.0157,0.2855,0.914
42.618638354,-0.8955,-0.0078,0.3051,0.946
42.628772662,-0.8955,-0.0469,0.3246,0.954
42.638593124,-0.9425,-0.0704,0.3324,1.002
42.649005585,-0.9504,-0.0861,0.3481,1.016
42.659163239,-0.9307,-0.1096,0.3481,1.000
42.669197393,-0.8995,-0.0899,0.3598,0.973
42.679643316,-0.8330,-0.1017,0.3481,0.909
42.689075047,-0.7314,-0.0978,0.3246,0.806
42.7005032,-0.6765,-0.1017,0.3129,0.752
42.709643008,-0.6179,-0.0782,0.2894,0.687
42.719439624,-0.5866,-0.0626,0.3129,0.668
42.730252739,-0.5436,-0.0665,0.2894,0.619
42.740080931,-0.5476,-0.0626,0.3129,0.634
42.750192508,-0.5514,-0.0626,0.3051,0.633
42.760333277,-0.5788,-0.0274,0.3286,0.666
42.770385893,-0.6258,-0.0235,0.3402,0.713
42.780331162,-0.6296,-0.0392,0.3716,0.732
42.790815816,-0.6531,-0.0392,0.3950,0.764
42.801151816,-0.6962,-0.0861,0.4341,0.825
42.811168431,-0.7899,-0.1096,0.4654,0.923
42.82113947,-0.9190,-0.0939,0.4967,1.049
42.831436508,-0.9856,-0.1096,0.5162,1.118
42.841522739,-1.0481,-0.1369,0.4810,1.161
42.851803123,-1.0520,-0.1643,0.4302,1.148
42.865887277,-1.0089,-0.1995,0.3793,1.096
42.871701277,-0.9152,-0.2112,0.3989,1.020
42.881648162,-0.8408,-0.1760,0.4223,0.957
42.8918457,-0.8721,-0.1446,0.4654,0.999
42.901580816,-0.9112,-0.1173,0.4615,1.028
42.911791123,-1.0559,-0.1173,0.3793,1.128
42.922282854,-1.2710,-0.2112,0.2464,1.312
42.932827893,-1.3727,-0.3168,0.2230,1.426
42.942432585,-1.4704,-0.3286,0.2620,1.529
42.952534893,-1.5878,-0.2855,0.2816,1.638
42.964423239,-1.6347,-0.1955,0.3168,1.677
42.972719239,-1.6347,-0.1173,0.3441,1.675
42.983057816,-1.6034,-0.0392,0.3598,1.644
42.994215969,-1.5643,0.0117,0.3636,1.606
43.003643316,-1.5448,0.0547,0.3519,1.585
43.0138652,-1.5213,0.1134,0.3793,1.572
43.023957854,-1.4392,0.1526,0.3989,1.501
43.033766854,-1.3453,0.0978,0.4458,1.421
43.044216931,-1.3101,0.1096,0.4380,1.386
43.054032546,-1.1654,0.1017,0.4263,1.245
43.064313623,-1.0286,0.0078,0.4145,1.109
43.074668239,-0.9816,-0.0312,0.3989,1.060
43.084396739,-0.8995,-0.0430,0.4068,0.988
43.094883777,-0.8369,-0.0469,0.3871,0.923
43.105250662,-0.7431,-0.0157,0.3833,0.836
43.115120469,-0.6687,-0.0235,0.4028,0.781
43.1254322,-0.5866,-0.0352,0.4068,0.715
43.135379008,-0.5397,-0.0312,0.3950,0.670
43.145866431,-0.5358,-0.0392,0.3324,0.632
43.155732046,-0.5749,-0.0547,0.2816,0.642
43.165778046,-0.6061,-0.0430,0.2464,0.656
43.175839854,-0.6610,-0.0195,0.1643,0.681
43.185974815,-0.7157,-0.0040,0.1643,0.734
43.196911162,-0.7861,0.0352,0.1995,0.812
43.2070187,-0.8173,0.0939,0.2347,0.856
43.216387739,-0.9034,0.0978,0.2503,0.943
43.226658277,-0.9621,0.1291,0.2894,1.013
43.236741046,-1.0168,0.0978,0.2972,1.064
43.246716085,-1.0011,0.0821,0.2699,1.040
43.260983546,-0.9425,0.0821,0.2464,0.978
43.266903662,-0.8838,0.0547,0.2385,0.917
43.2771417,-0.8369,0.0312,0.2230,0.867
43.287089815,-0.7509,0.0274,0.2230,0.784
43.297066931,-0.7548,0.0117,0.2385,0.792
43.307214969,-0.7196,0.0000,0.2582,0.765
43.317722162,-0.6883,0.0157,0.2620,0.737
43.327830546,-0.7157,0.0274,0.2425,0.756
43.337883738,-0.7235,0.0274,0.2268,0.759
43.347891354,-0.7431,0.0587,0.2659,0.791
43.359907354,-0.7352,0.0392,0.2542,0.779
43.368253469,-0.6922,0.0665,0.2542,0.740
43.378623892,-0.6648,0.0430,0.2777,0.722
43.389576738,-0.6335,0.0195,0.3011,0.702
43.398828123,-0.6413,0.0312,0.2816,0.701
43.409084469,-0.6179,0.0235,0.3129,0.693
43.419037238,-0.6218,0.0195,0.3286,0.704
43.428828431,-0.6179,0.0117,0.3519,0.711
43.439407085,-0.6258,0.0040,0.4068,0.746
43.449757854,-0.6335,-0.0040,0.4341,0.768
43.459693431,-0.6413,0.0117,0.4223,0.768
43.469785315,-0.7821,0.0665,0.2503,0.824
43.479779546,-0.8486,0.0704,0.1486,0.864
43.490797738,-0.9307,0.0509,0.1955,0.952
43.500320008,-1.0168,0.0665,0.2425,1.047
43.510306392,-1.0638,0.0587,0.2894,1.104
43.520629584,-1.0559,0.1017,0.3598,1.120
43.530447661,-1.0716,0.0899,0.3636,1.135
43.540609392,-1.1068,0.1212,0.3598,1.170
43.550784969,-1.1185,0.0939,0.3324,1.171
43.560858161,-1.1459,0.0744,0.2737,1.181
43.574824431,-1.2436,0.0235,0.1955,1.259
43.581071354,-1.3180,-0.0195,0.1681,1.329
43.591311277,-1.3767,-0.0978,0.2307,1.399
43.601518354,-1.4314,-0.1173,0.1838,1.448
43.611269546,-1.4548,-0.1721,0.2151,1.481
43.621766469,-1.5056,-0.2112,0.2503,1.541
43.632145046,-1.5135,-0.2347,0.2385,1.550
43.642651854,-1.4509,-0.2230,0.2659,1.492
43.656869469,-1.4001,-0.1760,0.2582,1.435
43.661905431,-1.3844,-0.1329,0.3286,1.429
43.6722272,-1.3023,-0.1017,0.4068,1.368
43.682329854,-1.2202,-0.0744,0.4458,1.301
43.692421238,-1.1459,-0.0235,0.4889,1.246
43.702660777,-1.0481,0.0274,0.5358,1.177
43.713126546,-1.0246,0.0587,0.5788,1.178
43.722837969,-1.0168,0.0665,0.5906,1.178
43.733052238,-1.0324,0.0744,0.5436,1.169
43.742853161,-1.0481,0.0861,0.4889,1.160
43.755252584,-1.0755,0.0430,0.4537,1.168
43.763215238,-1.0833,0.0274,0.4185,1.162
43.773239315,-1.0950,0.0157,0.3754,1.158
43.785434161,-1.0559,0.0040,0.3364,1.108
43.793437738,-0.9894,-0.0078,0.3089,1.037
43.804217007,-0.9230,-0.0157,0.2699,0.962
43.814488969,-0.8134,0.0078,0.2347,0.847
43.823858777,-0.7509,0.0117,0.1916,0.775
43.834360546,-0.7040,-0.0040,0.1798,0.727
43.844356777,-0.6765,0.0235,0.1603,0.696
43.854586969,-0.6648,0.0078,0.2033,0.695
43.865130123,-0.6844,0.0312,0.1995,0.714
43.874675007,-0.6922,0.0547,0.2190,0.728
43.887226046,-0.7157,0.0665,0.2503,0.761
43.89523093,-0.7548,0.0587,0.3246,0.824
43.905492661,-0.7509,0.0547,0.3324,0.823
43.916215661,-0.7782,0.0547,0.3402,0.851
43.925516853,-0.7782,0.0352,0.3559,0.856
43.935935046,-0.7939,0.0430,0.3871,0.884
43.945760315,-0.8134,0.0078,0.4223,0.917
43.955643738,-0.8017,0.0040,0.4458,0.917
43.969628353,-0.7704,-0.0469,0.4106,0.874
43.976131546,-0.7548,-0.0782,0.3833,0.850
43.986385584,-0.7235,-0.0861,0.3989,0.831
43.996598353,-0.7509,-0.0704,0.3793,0.844
44.00641293,-0.7782,-0.0665,0.3950,0.875
44.016842276,-0.7821,-0.0665,0.4028,0.882
44.026960084,-0.7587,-0.0782,0.3871,0.855
44.036840199,-0.7744,-0.0861,0.3716,0.863
44.048208123,-0.7704,-0.0821,0.3598,0.854
44.057034738,-0.7744,-0.0978,0.3246,0.845
44.067378853,-0.7861,-0.0782,0.2816,0.839
44.077230584,-0.7666,-0.0665,0.2425,0.807
44.087237969,-0.7821,-0.0312,0.2464,0.821
44.097332392,-0.7509,-0.0117,0.2894,0.805
44.107749161,-0.7587,0.0392,0.3402,0.832
44.118188046,-0.7821,0.0782,0.3519,0.861
44.128597353,-0.7939,0.1251,0.3871,0.892
44.138358815,-0.7821,0.1329,0.4028,0.890
44.148819392,-0.7782,0.1643,0.4380,0.908
44.158625122,-0.8056,0.1681,0.4537,0.940
44.168775622,-0.8056,0.1526,0.4615,0.941
44.178844353,-0.8330,0.1408,0.4458,0.955
44.188674699,-0.8330,0.1017,0.4849,0.969
44.198898622,-0.8448,0.0821,0.5045,0.987
44.208964738,-0.8565,0.0861,0.4772,0.984
44.219032776,-0.8878,0.0626,0.3911,0.972
44.230209892,-0.9425,0.0235,0.3324,1.000
44.239496892,-1.0286,-0.0157,0.2582,1.061
44.250281276,-1.0833,-0.0469,0.1955,1.102
44.260331545,-1.1497,-0.1173,0.1878,1.171
44.270611969,-1.2788,-0.1526,0.1251,1.294
44.280048238,-1.3727,-0.1446,0.0939,1.383
44.290354738,-1.4314,-0.1096,0.1251,1.441
44.300821469,-1.4001,-0.0547,0.2112,1.417
44.310542815,-1.3415,0.0352,0.2699,1.369
44.320398392,-1.2631,0.1056,0.2972,1.302
44.330817507,-1.1302,0.2033,0.3402,1.198
44.340868199,-1.0324,0.2855,0.3636,1.131
44.351242507,-1.0364,0.3011,0.3519,1.135
44.364871392,-1.0520,0.2777,0.3402,1.140
44.371130007,-1.2202,0.2503,0.2894,1.279
44.381875084,-1.3610,0.1603,0.1916,1.384
44.391867507,-1.4587,0.0587,0.1995,1.473
44.401537468,-1.5917,0.0352,0.2816,1.617
44.411486968,-1.6464,0.0782,0.3793,1.691
44.421943892,-1.6269,0.1212,0.3871,1.677
44.432254738,-1.5643,0.1603,0.3793,1.618
44.442467468,-1.4001,0.1878,0.3950,1.467
44.451915776,-1.1615,0.1486,0.3871,1.233
44.463756238,-0.9464,0.1564,0.3402,1.018
44.472239045,-0.7744,0.1369,0.3246,0.851
44.482389776,-0.6570,0.1017,0.3402,0.747
44.493074007,-0.5983,0.0704,0.3559,0.700
44.50288343,-0.5476,0.0665,0.3286,0.642
44.51334993,-0.5397,0.1173,0.2464,0.605
44.523278853,-0.5436,0.1134,0.2190,0.597
44.533090622,-0.5906,0.1251,0.1643,0.626
44.543631276,-0.6023,0.1212,0.1329,0.629
44.553570122,-0.6413,0.1291,0.1017,0.662
44.563481084,-0.6101,0.0547,0.0978,0.620
44.573699276,-0.6061,0.0469,0.1564,0.628
44.583957699,-0.6413,0.0587,0.2307,0.684
44.594259853,-0.6727,0.0704,0.2894,0.736
44.604350545,-0.7157,0.0899,0.3051,0.783
44.614327853,-0.7587,0.0939,0.3246,0.831
44.625211122,-0.8330,0.0744,0.3286,0.899
44.634335545,-0.8760,0.0978,0.3129,0.935
44.645116968,-0.8603,0.1017,0.2737,0.909
44.654658007,-0.8603,0.0744,0.2151,0.890
44.665247814,-0.8486,0.0978,0.1369,0.865
44.674975507,-0.8603,0.1486,0.1017,0.879
44.685048468,-0.8017,0.1408,0.1056,0.821
44.695801391,-0.7509,0.1721,0.0939,0.776
44.705938161,-0.7117,0.1721,0.1526,0.748
44.71545393,-0.6648,0.2190,0.1955,0.727
44.726186661,-0.6453,0.2190,0.2425,0.723
44.736579661,-0.6218,0.1798,0.2503,0.694
44.746581468,-0.5983,0.1643,0.2816,0.681
44.76080643,-0.5671,0.1329,0.2816,0.647
44.766571968,-0.6140,0.1564,0.2972,0.700
44.776859699,-0.6335,0.1486,0.3011,0.717
44.787159891,-0.6687,0.1603,0.2816,0.743
44.796962314,-0.7040,0.1721,0.3051,0.786
44.807255968,-0.7587,0.1798,0.3246,0.845
44.81746643,-0.8251,0.2151,0.3754,0.932
44.82775543,-0.8995,0.2190,0.3833,1.002
44.837845814,-1.0051,0.2620,0.3754,1.104
44.847372507,-1.0990,0.2464,0.3636,1.184
44.859126968,-1.2241,0.2151,0.3324,1.287
44.867988007,-1.3767,0.1681,0.3011,1.419
44.877986007,-1.4509,0.0861,0.3168,1.488
44.88859616,-1.5760,-0.0312,0.2659,1.599
44.898025468,-1.6543,-0.1643,0.1955,1.674
44.908319737,-1.6777,-0.3089,0.1251,1.710
44.918610699,-1.6661,-0.3636,0.1096,1.709
44.928392737,-1.5682,-0.3676,0.1017,1.614
44.938696083,-1.4079,-0.3481,0.1056,1.454
44.949023699,-1.2476,-0.3168,0.1643,1.298
44.959213353,-1.1145,-0.2894,0.2542,1.179
44.969020776,-1.0520,-0.2347,0.3793,1.143
44.979125314,-1.0286,-0.1878,0.4575,1.141
44.98910466,-1.0755,-0.1486,0.5358,1.211
44.99955116,-1.1302,-0.1134,0.5983,1.284
45.009760353,-1.1694,-0.0821,0.6179,1.325
45.02029816,-1.2514,-0.0978,0.5592,1.374
45.029935314,-1.3610,-0.1212,0.4732,1.446
45.039804853,-1.4236,-0.1564,0.4302,1.495
45.049879622,-1.4314,-0.1721,0.3911,1.494
45.05970566,-1.4040,-0.1798,0.3481,1.458
45.07332843,-1.2983,-0.1446,0.3051,1.342
45.080045506,-1.1459,-0.0899,0.2855,1.184
45.090640122,-1.0051,-0.0665,0.2699,1.043
45.100693006,-0.8565,-0.0352,0.2542,0.894
45.110957891,-0.7196,0.0078,0.2347,0.757
45.121148353,-0.6375,0.0117,0.2230,0.675
45.131062814,-0.5749,0.0352,0.2190,0.616
45.141568622,-0.5358,0.0509,0.2230,0.583
45.15272316,-0.4889,0.0235,0.2503,0.550
45.161529006,-0.4849,0.0274,0.2737,0.558
45.172042391,-0.5124,0.0352,0.3011,0.595
45.181608237,-0.5514,0.0274,0.3168,0.637
45.191941468,-0.5983,0.0157,0.3481,0.692
45.204163237,-0.6844,0.0157,0.3598,0.773
45.212220314,-0.7939,0.0312,0.3441,0.866
45.222595737,-0.8603,-0.0078,0.3129,0.915
45.232768506,-0.9542,-0.0392,0.3324,1.011
45.242695506,-1.0207,-0.0509,0.3481,1.080
45.252778237,-1.0638,-0.1056,0.3286,1.118
45.262900276,-1.1028,-0.1408,0.3207,1.157
45.273024122,-1.1107,-0.1408,0.3246,1.166
45.28380216,-1.0872,-0.1643,0.3246,1.147
45.293703391,-1.0638,-0.1408,0.3168,1.119
45.303827622,-0.9542,-0.1212,0.3051,1.009
45.313972852,-0.8643,-0.1408,0.3559,0.945
45.323665737,-0.8213,-0.1173,0.3481,0.900
45.33378166,-0.7431,-0.1291,0.3481,0.831
45.344002006,-0.7040,-0.1329,0.3519,0.798
45.354493622,-0.6805,-0.1408,0.3793,0.792
45.364435699,-0.6805,-0.1173,0.3598,0.779
45.374783622,-0.6727,-0.1173,0.3559,0.770
45.384590737,-0.6883,-0.1486,0.3286,0.777
45.394454814,-0.6844,-0.1446,0.3207,0.770
45.404878199,-0.7079,-0.1291,0.3011,0.780
45.416060545,-0.7000,-0.1134,0.2934,0.767
45.424902045,-0.7235,-0.1056,0.2737,0.781
45.435216622,-0.7196,-0.0626,0.2934,0.780
45.445270275,-0.7196,-0.0274,0.3364,0.795
45.455450006,-0.7314,-0.0117,0.3364,0.805
45.469163237,-0.7079,0.0040,0.3636,0.796
45.47598116,-0.7040,0.0195,0.3559,0.789
45.485969929,-0.7079,0.0235,0.3636,0.796
45.496211814,-0.7000,0.0312,0.3833,0.799
45.505933391,-0.7157,0.0547,0.3871,0.816
45.516469237,-0.7744,0.1017,0.3950,0.875
45.526580045,-0.8330,0.1056,0.3989,0.930
45.536759968,-0.8760,0.0665,0.3950,0.963
45.546699698,-0.8955,0.0274,0.3950,0.979
45.556805314,-0.8955,-0.0157,0.4302,0.994
45.567751314,-0.9152,-0.0469,0.4654,1.028
45.57667416,-0.9386,-0.0392,0.4263,1.032
45.587254083,-1.0089,-0.0744,0.3871,1.083
45.597403468,-1.0676,-0.1251,0.3441,1.129
45.607417583,-1.1420,-0.1681,0.3129,1.196
45.61773316,-1.2671,-0.1526,0.2033,1.292
45.627698583,-1.3218,-0.1681,0.1017,1.336
45.638057237,-1.3415,-0.2073,0.1096,1.362
45.648125198,-1.3884,-0.2033,0.0939,1.406
45.658280198,-1.3962,-0.2151,0.0587,1.414
45.668156006,-1.3805,-0.1955,0.0704,1.396
45.679486544,-1.3258,-0.1643,0.1056,1.340
45.687956737,-1.2749,-0.1056,0.1329,1.286
45.698801429,-1.1849,-0.0821,0.1721,1.200
45.708306391,-1.0716,-0.0547,0.1995,1.091
45.718582352,-1.0129,-0.0821,0.2542,1.048
45.729051775,-0.9777,-0.0274,0.2816,1.018
45.738994468,-0.9659,0.0117,0.3246,1.019
45.74918416,-0.9347,0.0392,0.3676,1.005
45.759274621,-1.0755,0.1291,0.4185,1.161
45.769633583,-1.1811,0.1369,0.4263,1.263
45.779871237,-1.2906,0.1212,0.3911,1.354
45.790161929,-1.3687,0.1017,0.3519,1.417
45.800217967,-1.3962,0.0509,0.3051,1.430
45.811155083,-1.4314,0.0509,0.3089,1.465
45.820068275,-1.3962,0.0274,0.3051,1.429
45.830496467,-1.3492,0.0117,0.3129,1.385
45.840849352,-1.2945,0.0312,0.2972,1.329
45.850426698,-1.1849,0.0274,0.2699,1.216
45.864392006,-1.0089,0.0312,0.1838,1.026
45.870931506,-0.8800,0.0392,0.1564,0.895
45.881209814,-0.7587,0.0312,0.1603,0.776
45.891377698,-0.6687,0.0117,0.1564,0.687
45.900820275,-0.6061,-0.0078,0.1760,0.631
45.911437006,-0.5827,0.0157,0.1486,0.602
45.921941275,-0.6218,-0.0040,0.1134,0.632
45.931751698,-0.6375,-0.0195,0.1446,0.654
45.943024967,-0.6375,-0.0509,0.1721,0.662
45.951796698,-0.6570,-0.0665,0.1564,0.679
45.961990506,-0.7117,-0.0587,0.1760,0.736
45.971905198,-0.7548,-0.0352,0.1955,0.781
45.983935352,-0.7548,-0.0312,0.2230,0.788
45.99696466,-0.7469,-0.0078,0.2659,0.793
46.002316006,-0.7079,-0.0235,0.2777,0.761
46.012390429,-0.6844,-0.0040,0.2816,0.740
46.022810698,-0.6570,0.0195,0.3129,0.728
46.033020929,-0.6531,0.0469,0.2972,0.719
46.04262866,-0.6610,0.0274,0.2894,0.722
46.053122198,-0.6610,0.0509,0.2582,0.711
46.063765544,-0.6805,0.0430,0.2464,0.725
46.078735313,-0.7000,0.0392,0.2307,0.738
46.083805583,-0.7117,0.0352,0.2582,0.758
46.093648852,-0.7587,0.0704,0.2464,0.801
46.103821544,-0.8369,0.1096,0.2385,0.877
46.114155313,-0.8878,0.1017,0.2659,0.932
46.124135236,-0.9816,0.1212,0.3011,1.034
46.133861275,-1.0286,0.1291,0.2934,1.077
46.144311852,-1.0638,0.1017,0.2347,1.094
46.154279929,-1.0793,0.0939,0.2737,1.117
46.164721736,-1.0911,0.1291,0.2816,1.134
46.177605583,-1.1537,0.1603,0.3089,1.205
46.184456429,-1.1028,0.1564,0.3168,1.158
46.19479989,-1.0793,0.1056,0.3168,1.130
46.20513589,-1.0129,0.0547,0.3051,1.059
46.214763198,-0.9542,0.0352,0.2934,0.999
46.225446506,-0.8878,0.0352,0.3441,0.953
46.235443275,-0.8330,0.0195,0.3716,0.912
46.245526236,-0.8056,0.0352,0.3519,0.880
46.255821467,-0.8917,0.0117,0.2582,0.928
46.265840083,-0.9816,-0.0157,0.1838,0.999
46.276209775,-1.0364,-0.1017,0.1173,1.048
46.285826659,-1.0990,-0.1526,0.0547,1.111
46.295883506,-1.2163,-0.1721,0.0782,1.231
46.305926467,-1.3218,-0.1878,0.1721,1.346
46.316603813,-1.3532,-0.2073,0.2503,1.392
46.326659082,-1.3532,-0.2542,0.2894,1.407
46.337260006,-1.3218,-0.2972,0.2934,1.386
46.346656352,-1.2593,-0.3324,0.2777,1.332
46.358979467,-1.1929,-0.3286,0.3089,1.275
46.366761198,-1.1577,-0.3402,0.3286,1.251
46.377100006,-1.0716,-0.3089,0.3754,1.177
46.387730429,-1.0246,-0.2464,0.4302,1.138
46.397167082,-1.0168,-0.1603,0.4380,1.119
46.407912467,-1.0403,-0.1329,0.4497,1.141
46.417692659,-1.0793,-0.0704,0.5084,1.195
46.428157313,-1.1537,-0.0430,0.5514,1.279
46.437997236,-1.2749,-0.0861,0.5045,1.374
46.448088313,-1.3649,-0.1408,0.4302,1.438
46.458482852,-1.4079,-0.1526,0.3598,1.461
46.468672852,-1.4157,-0.1838,0.3324,1.466
46.478637582,-1.4001,-0.1721,0.3089,1.444
46.48860739,-1.3297,-0.1603,0.2816,1.369
46.499445428,-1.1889,-0.1173,0.2542,1.221
46.50874039,-0.9894,-0.0899,0.1721,1.008
46.519951275,-0.8056,-0.0744,0.1526,0.823
46.529339467,-0.6805,-0.0587,0.1564,0.701
46.539491582,-0.5866,-0.0469,0.1526,0.608
46.550232198,-0.5124,-0.0117,0.1643,0.538
46.559690121,-0.5006,-0.0157,0.2151,0.545
46.572950813,-0.5241,0.0078,0.2307,0.573
46.579556236,-0.5514,0.0117,0.2385,0.601
46.590332698,-0.5866,0.0000,0.2894,0.654
46.600747198,-0.6335,-0.0312,0.3168,0.709
46.610445005,-0.6844,-0.0509,0.3286,0.761
46.621030121,-0.7666,-0.0744,0.3207,0.834
46.630749621,-0.8565,-0.0939,0.3364,0.925
46.640734928,-0.9034,-0.1017,0.3481,0.974
46.651400736,-0.9621,-0.0939,0.3559,1.030
46.660607351,-0.9973,-0.1017,0.3519,1.062
46.670960967,-1.0129,-0.1017,0.3676,1.082
46.681244275,-1.0246,-0.0939,0.3598,1.090
46.690966544,-1.0129,-0.0861,0.3598,1.078
46.702900428,-0.9699,-0.0509,0.3636,1.037
46.711442582,-0.9659,-0.0665,0.3519,1.030
46.721489198,-0.8955,-0.0509,0.3246,0.954
46.731998967,-0.8408,-0.0665,0.2777,0.888
46.741807351,-0.7939,-0.0861,0.2385,0.833
46.751859736,-0.7314,-0.0547,0.2620,0.779
46.762059659,-0.6844,-0.0312,0.2855,0.742
46.77249039,-0.6570,0.0117,0.3481,0.744
46.787170967,-0.6335,0.0312,0.3911,0.745
46.792950274,-0.6218,0.0157,0.3989,0.739
46.802847313,-0.6296,-0.0157,0.3911,0.741
46.81266689,-0.6453,-0.0430,0.3716,0.746
46.822926005,-0.6765,-0.0547,0.3402,0.759
46.833588159,-0.6844,-0.0861,0.2582,0.737
46.843232813,-0.7000,-0.0782,0.2307,0.741
46.853408813,-0.7157,-0.0547,0.2620,0.764
46.863396313,-0.7782,-0.0430,0.2737,0.826
46.873546005,-0.8056,-0.0274,0.3011,0.860
46.883708159,-0.8800,-0.0078,0.3286,0.939
46.893625274,-0.9034,-0.0195,0.3324,0.963
46.904071736,-0.9112,-0.0157,0.3481,0.976
46.914643736,-0.8995,-0.0078,0.3519,0.966
46.924123697,-0.8643,-0.0040,0.3911,0.949
46.934721582,-0.8565,-0.0157,0.3754,0.935
46.944867967,-0.8017,-0.0312,0.3871,0.891
46.954863505,-0.8330,-0.0626,0.3559,0.908
46.968741467,-0.8760,-0.1173,0.2855,0.929
46.974882351,-0.9777,-0.1564,0.1838,1.007
46.984942813,-1.0638,-0.1916,0.0782,1.084
46.994973505,-1.1849,-0.1955,0.0978,1.205
47.005108467,-1.2866,-0.1838,0.1446,1.308
47.015151274,-1.4040,-0.1564,0.1721,1.423
47.025522274,-1.4939,-0.1173,0.2347,1.517
47.035412659,-1.5487,-0.0626,0.3011,1.579
47.046572813,-1.5370,-0.0469,0.3441,1.576
47.055739774,-1.4274,-0.0312,0.3011,1.459
47.065910736,-1.3258,-0.0587,0.2620,1.353
47.076035774,-1.2163,-0.0978,0.1878,1.235
47.086278851,-1.1537,-0.1212,0.1329,1.168
47.09678462,-1.0990,-0.1134,0.1134,1.111
47.106374236,-1.1694,-0.0821,0.1446,1.181
47.116401851,-1.2866,-0.0352,0.2073,1.304
47.126569082,-1.3570,0.0352,0.2582,1.382
47.136719428,-1.4001,0.1173,0.2620,1.429
47.147057082,-1.3922,0.1681,0.2934,1.433
47.157168851,-1.3532,0.1603,0.3364,1.404
47.167093351,-1.2983,0.1526,0.3716,1.359
47.18065589,-1.1380,0.0939,0.3871,1.206
47.187941774,-1.0481,0.0352,0.3911,1.119
47.201569851,-0.9190,-0.0352,0.3911,0.999
47.207899736,-0.8408,-0.0587,0.3716,0.921
47.217821697,-0.7469,-0.1291,0.3598,0.839
47.228255774,-0.7157,-0.1603,0.3441,0.810
47.238194043,-0.7196,-0.1564,0.2934,0.793
47.248400313,-0.7196,-0.1681,0.2934,0.795
47.258443928,-0.8017,-0.1017,0.2777,0.854
47.268599043,-0.8251,-0.0782,0.2777,0.874
47.278658543,-0.8408,-0.0665,0.2894,0.892
47.288746005,-0.8291,-0.0312,0.3168,0.888
47.298842697,-0.8565,-0.0117,0.2934,0.905
47.310364466,-0.8526,-0.0157,0.2816,0.898
47.31930162,-0.8486,-0.0235,0.2542,0.886
47.329539389,-0.8291,-0.0352,0.2542,0.868
47.339850928,-0.7744,-0.0312,0.2542,0.816
47.34977262,-0.7392,-0.0312,0.2659,0.786
47.36352812,-0.7274,-0.0235,0.2894,0.783
47.369931543,-0.7431,-0.0157,0.2934,0.799
47.38010412,-0.7509,0.0235,0.2855,0.804
47.39016062,-0.7704,0.0392,0.2816,0.821
47.400212236,-0.8173,0.0587,0.2855,0.868
47.411285351,-0.8056,0.0782,0.3324,0.875
47.421477928,-0.8017,0.0821,0.3402,0.875
47.430763928,-0.7744,0.0821,0.3286,0.845
47.442201697,-0.7861,0.0704,0.3324,0.856
47.450845197,-0.7782,0.0626,0.3324,0.849
47.461007812,-0.7431,0.0392,0.3286,0.813
47.471883235,-0.6962,0.0235,0.3364,0.774
47.481901159,-0.6687,-0.0040,0.3324,0.747
47.491636928,-0.6570,0.0000,0.3636,0.751
47.50170712,-0.6765,-0.0078,0.3636,0.768
47.511721389,-0.6805,-0.0157,0.3598,0.770
47.522093889,-0.7196,0.0078,0.3519,0.801
47.531893966,-0.7431,-0.0235,0.3286,0.813
47.542029966,-0.7821,-0.0430,0.3129,0.843
47.552158735,-0.8017,-0.0704,0.3481,0.877
47.562326005,-0.8369,-0.0704,0.3754,0.920
47.572468389,-0.8291,-0.0547,0.3793,0.913
47.58274362,-0.8838,-0.0861,0.3676,0.961
47.592756774,-0.9230,-0.0665,0.3559,0.991
47.602725312,-0.9699,-0.0744,0.3402,1.031
47.612968043,-0.9777,-0.0509,0.3441,1.038
47.623376812,-0.9542,-0.0704,0.3481,1.018
47.633142735,-1.0051,0.0000,0.3559,1.066
47.643363658,-0.9269,0.0157,0.3754,1.000
47.654034543,-0.9034,0.0352,0.3833,0.982
47.663787774,-0.8643,0.0704,0.3636,0.940
47.67736612,-0.8955,0.0509,0.3364,0.958
47.684027005,-0.9269,0.0000,0.2777,0.968
47.693948966,-0.9816,-0.0704,0.2073,1.006
47.704563158,-1.1224,-0.2033,0.1760,1.154
47.714685428,-1.2046,-0.2972,0.2503,1.266
47.724806889,-1.2945,-0.3324,0.3168,1.374
47.735162466,-1.3062,-0.3519,0.3402,1.395
47.744909312,-1.3297,-0.3324,0.3754,1.421
47.755103812,-1.3453,-0.3246,0.3833,1.436
47.764908889,-1.2866,-0.3168,0.3871,1.380
47.775292889,-1.2279,-0.3051,0.3793,1.321
47.785452043,-1.1342,-0.2033,0.3716,1.211
47.795787197,-1.0441,-0.1251,0.4028,1.126
47.805704966,-0.9386,-0.0509,0.4341,1.035
47.815507581,-0.9034,-0.0235,0.4654,1.017
47.82593662,-0.9777,0.0274,0.5006,1.099
47.837937274,-1.0716,-0.0157,0.5202,1.191
47.845959274,-1.2006,-0.1017,0.5202,1.312
47.856471581,-1.3335,-0.1760,0.4654,1.423
47.866525158,-1.4119,-0.2464,0.4302,1.496
47.876304004,-1.4744,-0.2934,0.3911,1.553
47.887963774,-1.4431,-0.2503,0.3636,1.509
47.896593966,-1.3453,-0.2112,0.3559,1.407
47.906896466,-1.2279,-0.1329,0.3833,1.293
47.916839427,-1.0598,-0.0626,0.3559,1.120
47.927063774,-0.8760,-0.0117,0.3441,0.941
47.937614274,-0.7431,0.0000,0.3246,0.811
47.947266889,-0.6531,0.0274,0.3207,0.728
47.95789512,-0.6296,0.0195,0.2582,0.681
47.968407889,-0.5906,0.0117,0.2503,0.642
47.977771658,-0.5554,-0.0235,0.2816,0.623
47.988196043,-0.5709,-0.0312,0.3207,0.656
47.998527235,-0.6140,-0.0430,0.3519,0.709
48.008587774,-0.6258,-0.0392,0.3636,0.725
48.018801927,-0.6492,-0.0704,0.3754,0.753
48.028917966,-0.7314,-0.0939,0.3676,0.824
48.039151004,-0.8486,-0.0861,0.3402,0.918
48.049070043,-0.8878,-0.1096,0.3441,0.958
48.059232466,-0.9542,-0.1291,0.3676,1.031
48.07226162,-0.9504,-0.0861,0.3989,1.034
48.079467427,-0.9582,-0.0665,0.4223,1.049
48.089607427,-0.9659,-0.0509,0.4223,1.055
48.100917158,-0.9307,-0.0352,0.4420,1.031
48.109819158,-0.8721,-0.0235,0.4380,0.976
48.119943543,-0.8096,-0.0352,0.4263,0.916
48.129693697,-0.7314,-0.0626,0.4263,0.849
48.140440927,-0.7196,-0.0782,0.4145,0.834
48.151211504,-0.6844,-0.1017,0.3871,0.793
48.16050262,-0.6570,-0.1251,0.3716,0.765
48.170464581,-0.6531,-0.1251,0.3676,0.760
48.180592004,-0.6727,-0.1096,0.3168,0.752
48.191224081,-0.6765,-0.1173,0.2972,0.748
48.20205712,-0.6375,-0.1056,0.3324,0.727
48.211004081,-0.6258,-0.1056,0.3324,0.716
48.221341581,-0.6375,-0.0744,0.3364,0.725
48.231475966,-0.6258,-0.0899,0.3286,0.712
48.241062043,-0.6296,-0.0744,0.2972,0.700
48.251621081,-0.6413,-0.0704,0.3168,0.719
48.261632966,-0.6413,-0.0899,0.3559,0.739
48.271894696,-0.6492,-0.0744,0.3559,0.744
48.282132696,-0.6765,-0.0821,0.3716,0.776
48.292068043,-0.6844,-0.0821,0.3833,0.789
48.302558581,-0.7157,-0.0626,0.3950,0.820
48.312271696,-0.7235,-0.0547,0.4068,0.832
48.32259662,-0.7352,-0.0352,0.4654,0.871
48.332763735,-0.7352,-0.0235,0.4849,0.881
48.342646581,-0.7274,-0.0040,0.5202,0.894
48.352953773,-0.7626,-0.0117,0.5202,0.923
48.362680196,-0.8800,-0.0509,0.4927,1.010
48.372908619,-1.0246,-0.0665,0.4615,1.126
48.383829889,-1.1889,-0.1017,0.4145,1.263
48.393117235,-1.3180,-0.1446,0.3911,1.382
48.403267619,-1.3844,-0.1486,0.3636,1.439
48.413705466,-1.4626,-0.1643,0.3089,1.504
48.423674812,-1.5370,-0.2033,0.2972,1.579
48.434331581,-1.5605,-0.1760,0.3168,1.602
48.44409985,-1.5370,-0.1291,0.3207,1.575
48.454405735,-1.4392,-0.0626,0.3246,1.477
48.467605273,-1.3453,0.0157,0.3286,1.385
48.474728581,-1.2124,0.0626,0.3246,1.257
48.484735196,-1.0872,0.1096,0.3364,1.143
48.49469385,-1.0168,0.1134,0.3402,1.078
48.504996235,-1.0441,0.1212,0.3871,1.120
48.514965542,-1.1185,0.1369,0.4458,1.212
48.525338966,-1.2319,0.1291,0.4380,1.314
48.535344773,-1.2983,0.1056,0.4223,1.369
48.545727735,-1.3570,0.0509,0.3950,1.414
48.555512196,-1.4079,0.0312,0.4028,1.465
48.565920542,-1.4236,0.0040,0.4263,1.486
48.57584635,-1.3922,0.0157,0.4889,1.476
48.586909389,-1.3375,-0.0040,0.5006,1.428
48.596476696,-1.1967,-0.0392,0.4849,1.292
48.606039965,-1.0481,-0.0235,0.4068,1.124
48.616210812,-0.8643,-0.0312,0.3559,0.935
48.627041773,-0.7040,-0.0469,0.3246,0.777
48.63684535,-0.6061,-0.0626,0.3129,0.685
48.647221273,-0.5319,-0.0861,0.3051,0.619
48.656881235,-0.4889,-0.0626,0.2582,0.556
48.667373273,-0.4967,-0.0430,0.2190,0.545
48.682045504,-0.5397,-0.0195,0.2112,0.580
48.687208927,-0.5749,0.0117,0.2347,0.621
48.697685619,-0.6335,0.0117,0.2699,0.689
48.707921312,-0.6687,0.0392,0.2307,0.709
48.717951388,-0.7274,0.0392,0.2347,0.765
48.727981196,-0.7744,0.0665,0.2464,0.815
48.738199312,-0.8251,0.0704,0.2699,0.871
48.748803312,-0.8995,0.1329,0.3168,0.963
48.758079927,-0.8917,0.1134,0.3636,0.970
48.768784542,-0.8760,0.1329,0.3754,0.962
48.780657196,-0.8448,0.1212,0.3754,0.932
48.789050965,-0.8017,0.1369,0.3793,0.897
48.799036311,-0.7587,0.1096,0.3636,0.848
48.809573427,-0.7157,0.0939,0.3364,0.796
48.819164735,-0.6687,0.0782,0.3168,0.744
48.829252465,-0.6648,0.0352,0.2816,0.723
48.839623042,-0.6570,0.0352,0.2699,0.711
48.849345119,-0.6453,0.0195,0.2268,0.684
48.859530465,-0.6296,0.0235,0.2425,0.675
48.870026311,-0.6453,0.0352,0.2503,0.693
48.87951935,-0.6413,0.0782,0.2816,0.705
48.889647004,-0.6140,0.1017,0.3011,0.691
48.89992485,-0.6218,0.1251,0.3402,0.720
48.910307696,-0.6140,0.1643,0.3676,0.734
48.920442042,-0.6258,0.1526,0.3871,0.751
48.930615388,-0.6492,0.1564,0.4185,0.788
48.941515465,-0.6570,0.1096,0.4223,0.789
48.950717811,-0.6883,0.0469,0.4341,0.815
48.961274734,-0.7392,0.0430,0.4145,0.849
48.971061734,-0.8213,0.0000,0.4341,0.929
48.981242811,-0.9504,-0.0195,0.4732,1.062
48.992066234,-1.0207,-0.0235,0.5162,1.144
49.001134696,-1.0716,-0.0274,0.5476,1.204
49.011389427,-1.1420,-0.0312,0.5749,1.279
49.021542119,-1.1811,-0.0430,0.5554,1.306
49.031657157,-1.2593,-0.0587,0.5084,1.359
49.042028234,-1.3532,-0.0939,0.4575,1.432
49.052110427,-1.4157,-0.1564,0.4693,1.500
49.062349581,-1.4861,-0.2190,0.4420,1.566
49.07759185,-1.5330,-0.2620,0.3559,1.595
49.082754773,-1.4626,-0.2699,0.3246,1.522
49.092831927,-1.3962,-0.1916,0.3168,1.444
49.102739927,-1.2828,-0.1643,0.3246,1.333
49.113381734,-1.1420,-0.1017,0.3754,1.206
49.123663696,-0.9934,-0.0978,0.4028,1.076
49.133688542,-0.9073,-0.0509,0.4458,1.012
49.143148504,-0.8213,-0.0352,0.4693,0.947
49.153274734,-0.8760,-0.0469,0.4575,0.989
49.163465888,-0.9934,-0.0469,0.4810,1.105
49.195411119,-1.1577,-0.0547,0.5671,1.290
49.196395388,-1.2749,-0.0509,0.6648,1.439
49.196880773,-1.3415,-0.0861,0.6883,1.510
49.204101157,-1.3258,-0.0978,0.6765,1.492
49.214257311,-1.2671,-0.0899,0.6179,1.413
49.22410408,-1.1420,-0.0665,0.6218,1.302
49.234582696,-1.0246,-0.0469,0.6061,1.191
49.244369003,-0.8917,-0.0274,0.5436,1.045
49.25442335,-0.7978,0.0000,0.4849,0.934
49.26458058,-0.7117,0.0040,0.4263,0.830
49.274782196,-0.6844,-0.0078,0.4068,0.796
49.284699657,-0.6648,-0.0040,0.3833,0.767
49.294862503,-0.6570,-0.0157,0.3716,0.755
49.304949503,-0.6610,0.0078,0.3754,0.760
49.315079042,-0.6727,0.0235,0.3833,0.775
49.325811619,-0.7235,0.0392,0.3833,0.820
49.335629426,-0.7704,0.0157,0.3950,0.866
49.345514196,-0.7744,0.0430,0.4106,0.878
49.391787926,-0.8213,0.0195,0.4223,0.924
49.392992965,-0.8643,0.0274,0.4302,0.966
49.393556465,-0.8917,-0.0078,0.4380,0.994
49.393999003,-0.8955,-0.0117,0.4615,1.008
49.396131965,-0.9073,-0.0195,0.4615,1.018
49.40660008,-0.8878,-0.0078,0.4654,1.002
49.416555157,-0.8526,-0.0157,0.4849,0.981
49.426759311,-0.8603,-0.0117,0.4732,0.982
49.43668408,-0.7899,-0.0195,0.4615,0.915
49.446843773,-0.7821,-0.0235,0.4849,0.921
49.456932503,-0.7666,-0.0195,0.5045,0.918
49.467201042,-0.7509,-0.0040,0.4849,0.894
49.477540273,-0.7274,-0.0078,0.5006,0.883
49.491022619,-0.7314,-0.0117,0.4967,0.884
49.497439926,-0.7117,-0.0117,0.5202,0.882
49.507613772,-0.6962,-0.0195,0.5006,0.858
49.518939426,-0.6727,-0.0274,0.5084,0.844
49.527979349,-0.6883,-0.0392,0.5006,0.852
49.53811108,-0.6727,-0.0352,0.4889,0.832
49.548538503,-0.6610,-0.0665,0.4927,0.827
49.558415965,-0.6453,-0.0744,0.4967,0.818
49.571471888,-0.6531,-0.0861,0.5084,0.832
49.57869408,-0.6765,-0.0782,0.5084,0.850
49.588976042,-0.7117,-0.0547,0.5241,0.886
49.59890808,-0.7274,-0.0744,0.5436,0.911
49.609053234,-0.7704,-0.0782,0.5436,0.946
49.619359349,-0.7899,-0.0509,0.5631,0.971
49.629370542,-0.8213,-0.0469,0.5709,1.001
49.639350119,-0.8291,-0.0430,0.5514,0.997
49.649859503,-0.8134,-0.0392,0.5241,0.968
49.660271695,-0.8173,-0.0392,0.5279,0.974
49.670454234,-0.7352,-0.0430,0.5006,0.891
49.680686272,-0.7392,-0.0274,0.5084,0.898
49.690176849,-0.7509,-0.0117,0.5358,0.923
49.700207349,-0.7157,0.0312,0.5788,0.921
49.710346657,-0.7079,0.0626,0.6218,0.944
49.720921657,-0.7352,0.1134,0.6335,0.977
49.73234958,-0.7469,0.1212,0.6101,0.972
49.74125208,-0.8565,0.0665,0.5084,0.998
49.750915926,-0.9973,0.0312,0.4732,1.104
49.761565157,-1.0833,0.0078,0.4693,1.181
49.771378618,-1.1732,-0.0078,0.5084,1.279
49.78589958,-1.2671,-0.0312,0.5084,1.366
49.791469926,-1.2828,-0.0587,0.4223,1.352
49.802295849,-1.2631,-0.0861,0.3636,1.317
49.812523195,-1.2397,-0.0899,0.3716,1.297
49.822124965,-1.2084,-0.0547,0.3598,1.262
49.832648695,-1.2084,-0.0392,0.3441,1.257
49.842829234,-1.1732,-0.0626,0.3168,1.217
49.852529541,-1.2124,-0.0430,0.3011,1.250
49.863681311,-1.2554,0.0040,0.2972,1.290
49.872814311,-1.2983,-0.0195,0.3598,1.347
49.88329458,-1.3570,0.0078,0.3754,1.408
49.89335458,-1.3453,0.0040,0.3871,1.400
49.903458541,-1.3335,0.0040,0.3676,1.383
49.916773118,-1.3062,0.0000,0.3911,1.364
49.923959195,-1.2828,-0.0195,0.4028,1.345
49.933832388,-1.2514,-0.0195,0.4145,1.318
49.943728503,-1.2554,-0.0274,0.4575,1.336
49.954126464,-1.2084,-0.0392,0.4732,1.298
49.967783618,-1.1224,-0.0626,0.4380,1.207
49.974541772,-1.0481,-0.0665,0.3911,1.121
49.984443041,-0.9269,-0.0821,0.3441,0.992
49.994274811,-0.8408,-0.0782,0.3481,0.913
50.004148234,-0.7431,-0.0587,0.3481,0.823
50.014419657,-0.7000,0.0078,0.3402,0.778
50.024343464,-0.6453,0.0274,0.3402,0.730
50.034400657,-0.6140,0.0665,0.3402,0.705
50.045009618,-0.6335,0.0861,0.3402,0.724
50.054632234,-0.5944,0.1096,0.3636,0.705
50.065283503,-0.6061,0.0978,0.3598,0.712
50.075035964,-0.6061,0.1134,0.3676,0.718
50.085184657,-0.5983,0.0939,0.3441,0.697
50.095240426,-0.6061,0.0939,0.3598,0.711
50.105346926,-0.6413,0.0744,0.3754,0.747
50.115462003,-0.6922,0.0899,0.4068,0.808
50.125618272,-0.7392,0.0782,0.4068,0.847
50.135816195,-0.7548,0.0312,0.4068,0.858
50.148130695,-0.7666,0.0195,0.4145,0.872
50.156071234,-0.7899,0.0078,0.4185,0.894
50.166150157,-0.7939,0.0235,0.4263,0.901
50.181381734,-0.8251,0.0274,0.4772,0.954
50.186389926,-0.8565,0.0547,0.5045,0.996
50.19705681,-0.9269,0.0352,0.5006,1.054
50.206841387,-0.9269,0.0040,0.4732,1.041
50.217037041,-0.8955,-0.0157,0.4420,0.999
50.226908041,-0.8565,-0.0392,0.4106,0.951
50.237049887,-0.8291,-0.0392,0.3950,0.919
50.247210734,-0.8213,-0.0078,0.4145,0.920
50.257335234,-0.8565,0.0235,0.4420,0.964
50.267833387,-0.8448,0.0430,0.4537,0.960
50.280189618,-0.8721,0.0861,0.4732,0.996
50.28796731,-0.8682,0.1251,0.5084,1.014
50.297941657,-0.9582,0.1369,0.5554,1.116
50.308883387,-1.0011,0.1564,0.5944,1.175
50.318650964,-1.0755,0.1329,0.5906,1.234
50.328621272,-1.1811,0.0430,0.5436,1.301
50.338473118,-1.2554,-0.0665,0.4145,1.324
50.348557272,-1.2866,-0.1721,0.3911,1.356
50.358768733,-1.3140,-0.2620,0.3441,1.383
50.369180695,-1.3180,-0.3168,0.3011,1.389
50.378981541,-1.3492,-0.3559,0.2347,1.415
50.389151733,-1.2710,-0.3559,0.1955,1.334
50.399126464,-1.1732,-0.3286,0.2151,1.237
50.409819772,-1.0441,-0.3011,0.2230,1.109
50.420518118,-1.0051,-0.2777,0.2307,1.068
50.430300695,-0.9739,-0.2425,0.2385,1.032
50.440589849,-0.9894,-0.2190,0.2542,1.045
50.450393887,-1.0364,-0.2268,0.2855,1.099
50.460622887,-1.0676,-0.1995,0.3129,1.130
50.470622503,-1.0364,-0.1721,0.2542,1.081
50.480682849,-1.0911,-0.1291,0.2307,1.123
50.490448156,-1.1028,-0.0665,0.3051,1.146
50.501059118,-1.1420,-0.0312,0.3559,1.197
50.511049849,-1.1497,-0.0040,0.3989,1.217
50.521795349,-1.1615,0.0195,0.3950,1.227
50.531084618,-1.0793,0.0040,0.3989,1.151
50.541599003,-1.0286,0.0235,0.3950,1.102
50.551976772,-0.9739,0.0157,0.3754,1.044
50.561824579,-0.8800,0.0000,0.3324,0.941
50.576475733,-0.7939,-0.0117,0.3168,0.855
50.581737733,-0.7235,-0.0274,0.3207,0.792
50.592105349,-0.6844,-0.0312,0.3168,0.755
50.602609002,-0.6453,-0.0392,0.3089,0.716
50.612154541,-0.6492,-0.0469,0.3089,0.721
50.622024156,-0.6335,-0.0430,0.3051,0.704
50.63319281,-0.6413,-0.0626,0.2972,0.710
50.643343426,-0.6765,-0.0509,0.3089,0.745
50.653290849,-0.6805,-0.0587,0.3089,0.750
50.662697118,-0.7352,-0.0704,0.3051,0.799
50.675178079,-0.7861,-0.0821,0.2972,0.844
50.682999156,-0.8682,-0.0899,0.3089,0.926
50.693384849,-0.9190,-0.0782,0.3011,0.970
50.705598233,-0.9934,-0.0899,0.2816,1.036
50.713764079,-1.0286,-0.0782,0.3011,1.075
50.723637118,-1.0716,-0.0861,0.3207,1.122
50.733771925,-1.0716,-0.0978,0.3324,1.126
50.743705233,-1.0833,-0.0821,0.3481,1.141
50.753947272,-1.0872,-0.0744,0.3519,1.145
50.76455681,-1.0598,-0.0587,0.3441,1.116
50.774919195,-1.0246,-0.0547,0.3441,1.082
50.784893387,-1.0051,-0.0547,0.3364,1.061
50.795861964,-1.0207,-0.0547,0.3364,1.076
50.809721002,-0.9973,-0.0430,0.3441,1.056
50.814778772,-0.9504,-0.0587,0.3559,1.017
50.825340656,-0.9582,-0.0469,0.3441,1.019
50.836087118,-0.9542,-0.0312,0.3441,1.015
50.845386772,-0.9230,-0.0392,0.3129,0.975
50.855527118,-0.8917,-0.0392,0.3324,0.952
50.865709195,-0.8486,-0.0274,0.3481,0.918
50.875429118,-0.8251,-0.0157,0.3636,0.902
50.888703464,-0.7939,-0.0117,0.3754,0.878
50.895707425,-0.8096,-0.0312,0.3754,0.893
50.906253156,-0.8486,-0.0352,0.3246,0.909
50.916220579,-0.9034,-0.0782,0.3051,0.957
50.926171579,-0.9190,-0.0861,0.2855,0.966
50.936858618,-0.9816,-0.1096,0.2659,1.023
50.946846156,-1.0246,-0.1096,0.2855,1.069
50.956453195,-1.0403,-0.1056,0.2699,1.080
50.973218348,-1.0441,-0.1056,0.2972,1.091
50.976687541,-1.0324,-0.1056,0.2855,1.076
50.988587118,-1.0051,-0.0899,0.3168,1.058
50.997189348,-0.9816,-0.0665,0.3324,1.039
51.007098464,-0.9307,-0.0509,0.3402,0.992
51.017327887,-0.9034,-0.0430,0.2582,0.941
51.027361194,-0.8682,-0.0312,0.2934,0.917
51.038038618,-0.8134,-0.0587,0.3246,0.878
51.047822156,-0.7899,-0.0469,0.3129,0.851
51.058069541,-0.7899,-0.0430,0.3676,0.872
51.070075848,-0.8408,0.0000,0.3833,0.924
51.078019541,-0.8603,-0.0040,0.3754,0.939
51.088831618,-0.8760,-0.0078,0.3598,0.947
51.099980194,-0.8800,-0.0157,0.3636,0.952
51.108716733,-0.9347,0.0157,0.3793,1.009
51.119086348,-0.9659,0.0000,0.3559,1.029
51.128883617,-0.9699,0.0000,0.3676,1.037
51.138831233,-0.9777,0.0235,0.3481,1.038
51.149533694,-0.9816,0.0157,0.3519,1.043
51.159780579,-1.0089,-0.0040,0.3559,1.070
51.169888617,-0.9386,-0.0274,0.2934,0.984
51.18049981,-0.9973,-0.0117,0.2777,1.035
51.192446041,-0.9777,-0.0117,0.3129,1.027
