0_Absolute energy,0_Average power,0_ECDF Percentile Count_0,0_ECDF Percentile Count_1,0_ECDF Percentile_0,0_ECDF Percentile_1,0_ECDF_0,0_ECDF_1,0_ECDF_2,0_ECDF_3,0_ECDF_4,0_ECDF_5,0_ECDF_6,0_ECDF_7,0_ECDF_8,0_ECDF_9,0_Entropy,0_Histogram_0,0_Histogram_1,0_Histogram_2,0_Histogram_3,0_Histogram_4,0_Histogram_5,0_Histogram_6,0_Histogram_7,0_Histogram_8,0_Histogram_9,0_Interquartile range,0_Kurtosis,0_Max,0_Mean,0_Mean absolute deviation,0_Median,0_Median absolute deviation,0_Min,0_Peak to peak distance,0_Root mean square,0_Skewness,0_Standard deviation,0_Variance
796.935080311865,80.01356228030772,99.0,399.0,0.7123811534054799,1.4966758970342202,0.002004008016032064,0.004008016032064128,0.006012024048096192,0.008016032064128256,0.01002004008016032,0.012024048096192385,0.014028056112224449,0.01603206412825651,0.018036072144288578,0.02004008016032064,1.0,0.0,0.0,0.0,0.0,0.0,0.0,5.0,45.0,89.0,94.0,0.6230243944052998,0.5763633849356538,2.92064150793854,1.1508766536879838,0.4072796738799399,1.0273337908025,0.29594608902238995,0.33394884083450005,2.5866926671040398,1.2637500896942142,1.0132770829664048,0.5220605493600178,0.2725472171980835
515.5266673813035,51.75970556037183,99.0,399.0,1.00964318855337,1.02268575897774,0.002004008016032064,0.004008016032064128,0.006012024048096192,0.008016032064128256,0.01002004008016032,0.012024048096192385,0.014028056112224449,0.01603206412825651,0.018036072144288578,0.02004008016032064,1.0,0.0,0.0,0.0,0.0,0.0,0.0,0.0,0.0,0.0,13.0,0.009982268682699802,0.48601142704328515,1.04183771797194,1.0163958433201883,0.006052161899405659,1.01673553370411,0.005054979616589961,0.9907399140046101,0.05109780396732988,1.016424898312919,-0.3497153637290923,0.00768528411128002,5.906359187109312e-05
569.0757047052571,57.13611493024669,99.0,399.0,1.06280097384865,1.07246897336154,0.002004008016032064,0.004008016032064128,0.006012024048096192,0.008016032064128256,0.01002004008016032,0.012024048096192385,0.014028056112224449,0.01603206412825651,0.018036072144288578,0.02004008016032064,1.0,0.0,0.0,0.0,0.0,0.0,0.0,0.0,0.0,0.0,0.0,0.0072089491864149036,1.1091015337868493,1.09002716337332,1.0678908798781803,0.004832755534501299,1.06797637492346,0.003589030739909793,1.04632818160338,0.043698981769940026,1.0679102368450406,0.26550618010323024,0.006429823592970263,4.134263143671702e-05
812.120280524523,81.53818077555451,99.0,399.0,0.7089493346393702,1.4269345544818497,0.002004008016032064,0.004008016032064128,0.006012024048096192,0.008016032064128256,0.01002004008016032,0.012024048096192385,0.014028056112224449,0.01603206412825651,0.018036072144288578,0.02004008016032064,1.0,0.0,0.0,0.0,0.0,0.0,0.0,0.0,32.0,130.0,97.0,0.58109692947597,2.56972486489781,3.6426520604343695,1.1426548477365528,0.4189908677386088,0.9806319971408299,0.2610240826699398,0.49717117851868997,3.1454808819156796,1.2757333389675731,1.6440870708097104,0.5673054301674787,0.32183545109750805
829.4112392810579,83.27422081135119,99.0,399.0,0.6244366437198081,1.6630057857962903,0.002004008016032064,0.004008016032064128,0.006012024048096192,0.008016032064128256,0.01002004008016032,0.012024048096192385,0.014028056112224449,0.01603206412825651,0.018036072144288578,0.02004008016032064,1.0,0.0,0.0,0.0,0.0,0.0,0.0,0.0,71.0,112.0,61.0,0.8294814110133915,-0.28871166532322334,2.85131605241428,1.1555999066766878,0.4687109117290263,1.0074337784669485,0.3664174211637029,0.4421071425331431,2.409208909881137,1.2892427126442594,0.8712886430114424,0.571607931886148,0.3267356277951592
790.0694854546866,79.32424552757897,99.0,399.0,0.72764035692788,1.6046370619971304,0.002004008016032064,0.004008016032064128,0.006012024048096192,0.008016032064128256,0.01002004008016032,0.012024048096192385,0.014028056112224449,0.01603206412825651,0.018036072144288578,0.02004008016032064,1.0,0.0,0.0,0.0,0.0,0.0,0.0,17.0,40.0,79.0,87.0,0.719554626849014,0.2913048181479332,3.26220302669621,1.1532803298061403,0.407767265979395,1.0753374285585109,0.334908834646801,0.2702846971220996,2.9919183295741103,1.2582947119310008,0.7029904654468689,0.5032395681539367,0.25325006295576064
750.1273981157825,75.31399579475728,99.0,399.0,0.7421389738179319,1.5569179448643327,0.002004008016032064,0.004008016032064128,0.006012024048096192,0.008016032064128256,0.01002004008016032,0.012024048096192385,0.014028056112224449,0.01603206412825651,0.018036072144288578,0.02004008016032064,1.0,0.0,0.0,0.0,0.0,0.0,0.0,3.0,41.0,92.0,99.0,0.6081658552538474,0.5394179426569385,3.028387666210366,1.1328456225586119,0.3772495593710621,1.021347986580085,0.27805153447475495,0.34540346763844004,2.682984198571926,1.2260755763285163,0.8787608857502361,0.46895854221785377,0.21992211431909453
922.2695546066922,92.59734484002932,99.0,399.0,0.6404757136051401,1.6653803804604947,0.002004008016032064,0.004008016032064128,0.006012024048096192,0.008016032064128256,0.01002004008016032,0.012024048096192385,0.014028056112224449,0.01603206412825651,0.018036072144288578,0.02004008016032064,1.0,0.0,0.0,0.0,0.0,0.0,0.0,10.0,66.0,87.0,82.0,0.8119103721480707,2.256384547035103,3.8891564011910895,1.1879851791931755,0.5074678945826065,1.00770457528685,0.36722886168171,0.26394676062441247,3.625209640566677,1.3594982825933002,1.4368558331929113,0.6610043830350076,0.4369267943914911
555.7099206646087,55.794168741426574,99.0,399.0,1.045567122538064,1.0653558594179624,0.002004008016032064,0.004008016032064128,0.006012024048096192,0.008016032064128256,0.01002004008016032,0.012024048096192385,0.014028056112224449,0.01603206412825651,0.018036072144288578,0.02004008016032064,1.0,0.0,0.0,0.0,0.0,0.0,0.0,0.0,0.0,0.0,0.0,0.015992292863672652,1.5671975583747688,1.1042415829165522,1.0552221666066042,0.009456917935867767,1.0550539613139531,0.008054159056509747,1.006325699156432,0.09791588376012017,1.0552948098045485,0.02813111651134783,0.01238203143599586,0.00015331470248198967
501.1781718336682,50.319093557597206,99.0,399.0,0.9927262675965899,1.0096330954215,0.002004008016032064,0.004008016032064128,0.006012024048096192,0.008016032064128256,0.01002004008016032,0.012024048096192385,0.014028056112224449,0.01603206412825651,0.018036072144288578,0.02004008016032064,1.0,0.0,0.0,0.0,0.0,0.0,0.0,0.0,0.0,0.0,290.0,0.009681551498139984,0.7298949162359847,1.0449199628500099,1.0020921796296596,0.009874934966945954,0.9983206780168901,0.004817250554830066,0.9663375688133701,0.0785823940366398,1.0021801603578901,1.04533435074539,0.013279207056311509,0.00017633734004439335
776.6771634653423,77.97963488607854,99.0,399.0,0.737585874332587,1.535466486769677,0.002004008016032064,0.004008016032064128,0.006012024048096192,0.008016032064128256,0.01002004008016032,0.012024048096192385,0.014028056112224449,0.01603206412825651,0.018036072144288578,0.02004008016032064,1.0,0.0,0.0,0.0,0.0,0.0,0.0,13.0,27.0,100.0,92.0,0.6575886857942961,-0.1508030383970329,2.72966173589528,1.1513491635199369,0.39287929693189366,1.037911056315412,0.3009402327269979,0.30827490799385404,2.4213868279014257,1.247584570862269,0.7005843795478526,0.4804813889377339,0.2308623651155339
529.0203613134996,53.114494107781084,99.0,399.0,1.02449134663685,1.0345573099574898,0.002004008016032064,0.004008016032064128,0.006012024048096192,0.008016032064128256,0.01002004008016032,0.012024048096192385,0.014028056112224449,0.01603206412825651,0.018036072144288578,0.02004008016032064,1.0,0.0,0.0,0.0,0.0,0.0,0.0,0.0,0.0,0.0,2.0,0.0076744720592798465,3.913028478506246,1.0675720854937898,1.0296123286870642,0.00542154521331872,1.02950577241851,0.003913742900930162,0.9919147411368999,0.07565734435688987,1.0296412213564645,0.15414648399931208,0.0077134513697198195,5.949733203303256e-05
688.1111306778255,69.08746291946038,99.0,399.0,0.7987751745329201,1.4576778595481923,0.002004008016032064,0.004008016032064128,0.006012024048096192,0.008016032064128256,0.01002004008016032,0.012024048096192385,0.014028056112224449,0.01603206412825651,0.018036072144288578,0.02004008016032064,1.0,0.0,0.0,0.0,0.0,0.0,0.0,0.0,4.0,96.0,143.0,0.5592787249525137,-0.2146785289429607,2.4592282353984003,1.1189396455333325,0.3000817030776966,1.01431190642849,0.23959353232046765,0.47909571481161006,1.9801325205867903,1.174299885803984,0.6965122535584551,0.3563064572148391,0.12695429145298998
733.1175846630401,73.60618319910041,99.0,399.0,0.7815197445316201,1.5378198166547299,0.002004008016032064,0.004008016032064128,0.006012024048096192,0.008016032064128256,0.01002004008016032,0.012024048096192385,0.014028056112224449,0.01603206412825651,0.018036072144288578,0.02004008016032064,1.0,0.0,0.0,0.0,0.0,0.0,0.0,0.0,20.0,95.0,111.0,0.656429124790112,-0.5529905539167128,2.30250549340285,1.1426990891060278,0.34012104587841396,1.0417677605935132,0.2762045294143469,0.40554269893389555,1.8969627944689547,1.2120946812682571,0.5970925166406283,0.4042428825781012,0.16341230811505253
506.2121097697728,50.82450901302939,99.0,399.0,0.9973914860770408,1.0171662732480986,0.002004008016032064,0.004008016032064128,0.006012024048096192,0.008016032064128256,0.01002004008016032,0.012024048096192385,0.014028056112224449,0.01603206412825651,0.018036072144288578,0.02004008016032064,1.0,0.0,0.0,0.0,0.0,0.0,0.0,0.0,0.0,0.0,125.0,0.015976162334523814,6.397747195893595,1.1114525024016082,1.006960451833257,0.0137182094549866,1.0078073321641376,0.00798083291795515,0.8885245125992225,0.2229279898023857,1.007200638299603,-0.41249370312998157,0.021994868376294642,0.00048377423489052605
777.1639045573372,78.02850447362823,99.0,399.0,0.7278482182822841,1.4389610088208196,0.002004008016032064,0.004008016032064128,0.006012024048096192,0.008016032064128256,0.01002004008016032,0.012024048096192385,0.014028056112224449,0.01603206412825651,0.018036072144288578,0.02004008016032064,1.0,0.0,0.0,0.0,0.0,0.0,0.0,2.0,53.0,76.0,125.0,0.5009128781930726,0.6885104989811621,2.76138954800853,1.13568119852098,0.39297562378868567,0.99239956888341,0.23719208428386973,0.3484196800578601,2.41296986795067,1.2479754382613795,1.1805642738304891,0.5173692200253437,0.2676709098296325
1030.5257720094269,103.46644297283402,99.0,399.0,0.6351352090442272,1.480399696112268,0.002004008016032064,0.004008016032064128,0.006012024048096192,0.008016032064128256,0.01002004008016032,0.012024048096192385,0.014028056112224449,0.01603206412825651,0.018036072144288578,0.02004008016032064,1.0,0.0,0.0,0.0,0.0,0.0,5.0,35.0,52.0,70.0,99.0,0.6459288963616903,3.886179703581555,4.640089506565999,1.184767987466823,0.5602255378369619,0.9789239356003262,0.3101735573972333,0.11767984677502479,4.5224096597909735,1.4370740787567364,1.8982158681540742,0.8133306361550242,0.6615067237083364
780.3590169465065,78.34929889021149,99.0,399.0,0.6665052052601597,1.5285545226963426,0.002004008016032064,0.004008016032064128,0.006012024048096192,0.008016032064128256,0.01002004008016032,0.012024048096192385,0.014028056112224449,0.01603206412825651,0.018036072144288578,0.02004008016032064,1.0,0.0,0.0,0.0,0.0,0.0,0.0,2.0,48.0,117.0,54.0,0.7477782493678087,0.3143919782624618,2.9278814012532743,1.148279114524357,0.4046478082693921,1.0976968103077858,0.37455933312386236,0.38726466496385364,2.5406167362894205,1.2505381742848558,0.8037969359913736,0.49527850800419215,0.24530080049085862
859.158065392381,86.26084993899407,99.0,399.0,0.6792021404413964,1.6532098948572502,0.002004008016032064,0.004008016032064128,0.006012024048096192,0.008016032064128256,0.01002004008016032,0.012024048096192385,0.014028056112224449,0.01603206412825651,0.018036072144288578,0.02004008016032064,1.0,0.0,0.0,0.0,0.0,0.0,0.0,5.0,70.0,73.0,91.0,0.8054210917811859,-0.2341650605419905,2.8509463610622,1.181710626102408,0.46748146442905203,1.02574015242936,0.36722614477705795,0.3388684505671949,2.5120779104950053,1.3121583936723995,0.7987700028090258,0.5703679919504491,0.3253196462415875
543.8015412096668,54.598548314223564,99.0,399.0,1.03823201444739,1.0494507861863,0.002004008016032064,0.004008016032064128,0.006012024048096192,0.008016032064128256,0.01002004008016032,0.012024048096192385,0.014028056112224449,0.01603206412825651,0.018036072144288578,0.02004008016032064,1.0,0.0,0.0,0.0,0.0,0.0,0.0,0.0,0.0,0.0,0.0,0.009304226783554803,3.1383552186765655,1.07570637740894,1.0438961009002,0.005902597770088092,1.0435992962829201,0.004669435995260152,1.0063311927792502,0.06937518462968972,1.0439265528353816,-0.022000255485334717,0.007973596435917694,6.357824012287934e-05
924.7519714080472,92.84658347470352,99.0,399.0,0.7122115287097582,1.7098150878605447,0.002004008016032064,0.004008016032064128,0.006012024048096192,0.008016032064128256,0.01002004008016032,0.012024048096192385,0.014028056112224449,0.01603206412825651,0.018036072144288578,0.02004008016032064,1.0,0.0,0.0,0.0,0.0,0.0,0.0,0.0,36.0,135.0,150.0,0.6874244946644237,1.6929402244554463,4.3161093221924505,1.1761088124827992,0.5357856403022402,0.8740941524521753,0.1738261217482352,0.41285648366035893,3.9032528385320915,1.361326692437631,1.5616190654146798,0.6855497244864742,0.4699784247434808
1239.5689066877133,124.45470950679851,99.0,399.0,0.5514168737934599,1.71050927701606,0.002004008016032064,0.004008016032064128,0.006012024048096192,0.008016032064128256,0.01002004008016032,0.012024048096192385,0.014028056112224449,0.01603206412825651,0.018036072144288578,0.02004008016032064,1.0,0.0,0.0,0.0,0.0,0.0,0.0,22.0,100.0,104.0,74.0,0.7607490080747515,3.176552502376108,5.710417498185,1.2315453250543773,0.7174292411171236,0.8535412385203398,0.3053180655594897,0.27401603159859916,5.4364014665864016,1.5761047000203632,1.8790268802537202,0.9835660312165054,0.9674021377629877
570.629584290115,57.29212693675853,99.0,399.0,1.0644942413504366,1.0740891958503107,0.002004008016032064,0.004008016032064128,0.006012024048096192,0.008016032064128256,0.01002004008016032,0.012024048096192385,0.014028056112224449,0.01603206412825651,0.018036072144288578,0.02004008016032064,1.0,0.0,0.0,0.0,0.0,0.0,0.0,0.0,0.0,0.0,0.0,0.0071120528851267295,0.5071637750629208,1.0923046165013386,1.069350567602913,0.004634822864541998,1.0694953472607072,0.0035374557926217687,1.0485131725061623,0.043791443995176316,1.0693672246251213,-0.10504726232127638,0.005968640528882846,3.56246697630229e-05
523.5845005829462,52.56872495812713,99.0,399.0,1.0180794596836529,1.0302842839881325,0.002004008016032064,0.004008016032064128,0.006012024048096192,0.008016032064128256,0.01002004008016032,0.012024048096192385,0.014028056112224449,0.01603206412825651,0.018036072144288578,0.02004008016032064,1.0,0.0,0.0,0.0,0.0,0.0,0.0,0.0,0.0,0.0,1.0,0.009669158534984623,0.12348370987182244,1.042811369384688,1.0243134059731427,0.005617949501427874,1.0244611883340937,0.004931382898092362,0.9998539354377582,0.04295743394692986,1.0243376085248306,-0.17914495318434048,0.007041490046068387,4.9582582068880177e-05
553.4106590747776,55.56331918421462,99.0,399.0,1.0497191357686266,1.0565960973799449,0.002004008016032064,0.004008016032064128,0.006012024048096192,0.008016032064128256,0.01002004008016032,0.012024048096192385,0.014028056112224449,0.01603206412825651,0.018036072144288578,0.02004008016032064,1.0,0.0,0.0,0.0,0.0,0.0,0.0,0.0,0.0,0.0,0.0,0.004990383451368041,1.2810344904050561,1.0685513146921533,1.0531001447971202,0.003354969501238152,1.0531343133370112,0.0024981083577921837,1.035231217318138,0.03332009737401531,1.0531093945756262,-0.20460259473677955,0.004413838661095035,1.948197172617721e-05
856.7112926127315,86.01519002135858,99.0,399.0,0.6296216669177942,1.5783487742941948,0.002004008016032064,0.004008016032064128,0.006012024048096192,0.008016032064128256,0.01002004008016032,0.012024048096192385,0.014028056112224449,0.01603206412825651,0.018036072144288578,0.02004008016032064,1.0,0.0,0.0,0.0,0.0,0.0,0.0,8.0,74.0,79.0,58.0,0.7665437837737148,0.5428352072311307,3.1825595909770197,1.1713362039864483,0.4602551700882781,1.0616463118234196,0.38207676134078006,0.25393093904881,2.92862865192821,1.3102886314934985,1.0033953162555704,0.5872203973396385,0.34482779505172295
1326.5194258663155,133.18468131187905,99.0,399.0,0.48620351449915206,2.0443084869275134,0.002004008016032064,0.004008016032064128,0.006012024048096192,0.008016032064128256,0.01002004008016032,0.012024048096192385,0.014028056112224449,0.01603206412825651,0.018036072144288578,0.02004008016032064,1.0,0.0,0.0,0.0,0.0,0.0,11.0,49.0,91.0,81.0,53.0,1.2071045742403839,1.5747742832984803,4.717334724819394,1.2698518033614927,0.8007940206986173,0.8496642677138726,0.4142670769633472,0.11965054550533495,4.597684179314059,1.630446430539301,1.4530471562622773,1.022659259165981,1.0458319603579131
527.410258264379,52.95283717513845,99.0,399.0,1.02300627163574,1.03335218731197,0.002004008016032064,0.004008016032064128,0.006012024048096192,0.008016032064128256,0.01002004008016032,0.012024048096192385,0.014028056112224449,0.01603206412825651,0.018036072144288578,0.02004008016032064,1.0,0.0,0.0,0.0,0.0,0.0,0.0,0.0,0.0,0.0,0.0,0.00849774051644503,-0.14991581571713963,1.04822528414494,1.028055854860759,0.004830316699732145,1.0279423206974598,0.004290668573290191,1.0112384715518001,0.03698681259313985,1.028073141998835,0.03371956597121983,0.005961928032963783,3.55445858702394e-05
562.7999256383248,56.50601663035389,99.0,399.0,1.0581212014896755,1.06578655963325,0.002004008016032064,0.004008016032064128,0.006012024048096192,0.008016032064128256,0.01002004008016032,0.012024048096192385,0.014028056112224449,0.01603206412825651,0.018036072144288578,0.02004008016032064,1.0,0.0,0.0,0.0,0.0,0.0,0.0,0.0,0.0,0.0,0.0,0.006105776123414675,0.6543570122662126,1.0774952543584497,1.061994365377748,0.0037345834292911878,1.06193958252805,0.0030347704066899794,1.045644057073019,0.03185119728543073,1.062005443677881,0.17582349182130272,0.004850804816401712,2.3530307366826046e-05
568.669710060735,57.09535241573644,99.0,399.0,1.0628143039418498,1.0720085278182503,0.002004008016032064,0.004008016032064128,0.006012024048096192,0.008016032064128256,0.01002004008016032,0.012024048096192385,0.014028056112224449,0.01603206412825651,0.018036072144288578,0.02004008016032064,1.0,0.0,0.0,0.0,0.0,0.0,0.0,0.0,0.0,0.0,0.0,0.007336093374110009,0.822514792520308,1.0912181956483997,1.0675125859678334,0.004576301310885031,1.0675989289454901,0.0036560535784799786,1.04810903253037,0.043109163118029814,1.06752923024915,-0.04551997711289316,0.0059612277772333536,3.553623661205851e-05
583.11473784484,58.54565641012449,99.0,399.0,1.07579285994381,1.08636622632994,0.002004008016032064,0.004008016032064128,0.006012024048096192,0.008016032064128256,0.01002004008016032,0.012024048096192385,0.014028056112224449,0.01603206412825651,0.018036072144288578,0.02004008016032064,1.0,0.0,0.0,0.0,0.0,0.0,0.0,0.0,0.0,0.0,0.0,0.008414299958084737,0.05530702603225768,1.1011251372078599,1.0809844064421417,0.004982317464286802,1.08082833674499,0.0042788185408499935,1.0635446440985903,0.037580493109269586,1.081002594311177,0.2488067298246062,0.006270720566696857,3.932193642559495e-05
745.7221695791302,74.87170377300504,99.0,399.0,0.7077797131459976,1.4286860622696098,0.002004008016032064,0.004008016032064128,0.006012024048096192,0.008016032064128256,0.01002004008016032,0.012024048096192385,0.014028056112224449,0.01603206412825651,0.018036072144288578,0.02004008016032064,1.0,0.0,0.0,0.0,0.0,0.0,0.0,0.0,22.0,129.0,118.0,0.5330277162860291,0.9405593017746248,3.0246062227159407,1.1171781823415956,0.3828477434920882,0.975105329102571,0.24583055763931394,0.53171271930255,2.4928935034133906,1.222470124612213,1.3087790539357964,0.49633266512423646,0.24634611446932747
566.6802585004339,56.89560828317609,99.0,399.0,1.061875335004744,1.0698679366258004,0.002004008016032064,0.004008016032064128,0.006012024048096192,0.008016032064128256,0.01002004008016032,0.012024048096192385,0.014028056112224449,0.01603206412825651,0.018036072144288578,0.02004008016032064,1.0,0.0,0.0,0.0,0.0,0.0,0.0,0.0,0.0,0.0,0.0,0.006208741226731762,1.0592486272635329,1.0827671565444372,1.0656468150895926,0.0040832075499683965,1.0653598025245796,0.003137332974983975,1.043813728446182,0.038953428098255305,1.0656602556922126,-0.041805796065999094,0.005352200612792576,2.8646051399577228e-05
854.0255933216531,85.74554149815793,99.0,399.0,0.6487099948823337,1.7160598459614564,0.002004008016032064,0.004008016032064128,0.006012024048096192,0.008016032064128256,0.01002004008016032,0.012024048096192385,0.014028056112224449,0.01603206412825651,0.018036072144288578,0.02004008016032064,1.0,0.0,0.0,0.0,0.0,0.0,0.0,6.0,56.0,138.0,65.0,0.8280668086486673,0.08144859839866969,3.2342555801604997,1.1596005642216407,0.4970952441257377,0.9396050358416413,0.30832423948431253,0.28817956226882646,2.946076017891673,1.3082332112101163,1.0083885100526369,0.6056407073257091,0.3668006663699852
744.9019965415633,74.78935708248628,99.0,399.0,0.7994407304687976,1.4993123546490281,0.002004008016032064,0.004008016032064128,0.006012024048096192,0.008016032064128256,0.01002004008016032,0.012024048096192385,0.014028056112224449,0.01603206412825651,0.018036072144288578,0.02004008016032064,1.0,0.0,0.0,0.0,0.0,0.0,0.0,0.0,39.0,60.0,140.0,0.5642720220560475,0.4392734408739778,2.6810273906264905,1.1407055595215017,0.35024312703691834,1.02860999848126,0.25078367855019024,0.4632674591015069,2.2177599315249834,1.2217976805623678,0.896334969020466,0.4376989818406249,0.19158039870431967
524.0569475923779,52.61615939682509,99.0,399.0,1.01939926995411,1.0312502844981726,0.002004008016032064,0.004008016032064128,0.006012024048096192,0.008016032064128256,0.01002004008016032,0.012024048096192385,0.014028056112224449,0.01603206412825651,0.018036072144288578,0.02004008016032064,1.0,0.0,0.0,0.0,0.0,0.0,0.0,0.0,0.0,0.0,1.0,0.009515781361252085,0.7380948467145623,1.0450697760103,1.0247759434365644,0.005493152712404862,1.0245298903901738,0.004691949334671319,0.9962782767942825,0.04879149921601755,1.0247996505817225,-0.23241274548414745,0.006970623079742383,4.858958611983719e-05
530.8589272883697,53.29908908517768,99.0,399.0,1.00116623181458,1.052788828012824,0.002004008016032064,0.004008016032064128,0.006012024048096192,0.008016032064128256,0.01002004008016032,0.012024048096192385,0.014028056112224449,0.01603206412825651,0.018036072144288578,0.02004008016032064,1.0,0.0,0.0,0.0,0.0,0.0,0.0,0.0,0.0,0.0,93.0,0.04558395635105894,-0.30920158595302283,1.07682854707051,1.0310817224734716,0.023443158591894827,1.04512486820369,0.010194603289138904,0.93672771974134,0.14010082732916995,1.0314288854148286,-0.8533573540926611,0.026758685491151304,0.0007160272492143514
1280.3149902171442,128.54568174870926,99.0,399.0,0.49176095176093354,2.2908549472477207,0.002004008016032064,0.004008016032064128,0.006012024048096192,0.008016032064128256,0.01002004008016032,0.012024048096192385,0.014028056112224449,0.01603206412825651,0.018036072144288578,0.02004008016032064,1.0,0.0,0.0,0.0,0.0,0.0,8.0,60.0,84.0,82.0,52.0,1.523847838963608,-0.3166405907059828,4.346841926530439,1.2802843364864631,0.8260351647026536,0.8351643756749899,0.4333778088692599,0.1075220772579924,4.239319849272447,1.6017994579350971,0.912614594316036,0.9626180557150317,0.9266335211885879
1142.6300924546358,114.72189683279476,99.0,399.0,0.5461620924767624,1.8691315041762553,0.002004008016032064,0.004008016032064128,0.006012024048096192,0.008016032064128256,0.01002004008016032,0.012024048096192385,0.014028056112224449,0.01603206412825651,0.018036072144288578,0.02004008016032064,1.0,0.0,0.0,0.0,0.0,0.0,0.0,21.0,113.0,98.0,67.0,0.9206888855561915,0.8765618209557711,4.138932134166638,1.2150632384784295,0.7087502659562313,0.8294921348818336,0.31040596125165143,0.22531920570634043,3.913612928460298,1.5132216839044268,1.3929667093095355,0.9019208341849413,0.8134611911368603
1424.949219806314,143.0671907436058,99.0,399.0,0.345143969423511,2.2903558228758603,0.002004008016032064,0.004008016032064128,0.006012024048096192,0.008016032064128256,0.01002004008016032,0.012024048096192385,0.014028056112224449,0.01603206412825651,0.018036072144288578,0.02004008016032064,1.0,0.0,0.0,0.0,0.0,0.0,20.0,103.0,74.0,54.0,34.0,1.5803343501679268,-0.32715166274532637,4.24183660747538,1.2824467630781184,0.9292750123319642,0.79530433897486,0.50387462958509,0.0643539338303136,4.177482673645067,1.6898549224505899,0.9606004896742577,1.100427171057197,1.210939958800945
1078.5386368506393,108.28701173199188,99.0,399.0,0.6778952673151205,1.4150098006631,0.002004008016032064,0.004008016032064128,0.006012024048096192,0.008016032064128256,0.01002004008016032,0.012024048096192385,0.014028056112224449,0.01603206412825651,0.018036072144288578,0.02004008016032064,1.0,0.0,0.0,0.0,0.0,0.0,0.0,2.0,38.0,182.0,110.0,0.4126165509420645,3.4412645238020296,5.147906924851361,1.1887060377761103,0.6191511073192233,0.8405923382690229,0.1771446110304128,0.36123481707953,4.786672107771831,1.4701700833063418,2.0345660340545977,0.8650884518958725,0.7483780296035972
558.3694457019714,56.06118932750716,99.0,399.0,1.0535214776526822,1.0620867392559057,0.002004008016032064,0.004008016032064128,0.006012024048096192,0.008016032064128256,0.01002004008016032,0.012024048096192385,0.014028056112224449,0.01603206412825651,0.018036072144288578,0.02004008016032064,1.0,0.0,0.0,0.0,0.0,0.0,0.0,0.0,0.0,0.0,0.0,0.00677697196714977,0.6833014405313094,1.076950182561494,1.057803795648525,0.004110744670698354,1.0576839758503138,0.0034142079917462986,1.0368217738004009,0.04012840876109314,1.0578170187202185,0.12571715469502123,0.00528914035596846,2.7975005705134165e-05
494.7609059480253,49.6747897538178,99.0,399.0,0.9881669691374599,1.00324282179209,0.002004008016032064,0.004008016032064128,0.006012024048096192,0.008016032064128256,0.01002004008016032,0.012024048096192385,0.014028056112224449,0.01603206412825651,0.018036072144288578,0.02004008016032064,1.0,0.0,0.0,0.0,0.0,0.0,0.0,0.0,0.0,0.0,340.0,0.011479736836955023,0.2735773892825253,1.01915936425649,0.9957041627260194,0.006940264822940103,0.99597993619524,0.0057750629153499045,0.96433013462993,0.054829229626560005,0.9957433512402324,-0.23935832393877496,0.008834130925325536,7.804186920579301e-05
1105.9816468219838,111.04233401827145,99.0,399.0,0.6295178563890376,1.90530916694181,0.002004008016032064,0.004008016032064128,0.006012024048096192,0.008016032064128256,0.01002004008016032,0.012024048096192385,0.014028056112224449,0.01603206412825651,0.018036072144288578,0.02004008016032064,1.0,0.0,0.0,0.0,0.0,0.0,8.0,27.0,55.0,91.0,76.0,0.9683043153747353,2.0952532041573493,5.09264893749709,1.2456500975573213,0.6369942283178853,0.9750352235922,0.3779679890400498,0.05101603642688811,5.041632901070202,1.4887565569345442,1.3840693744212766,0.8153231998851959,0.664751920271035
530.6730125723477,53.28042294903089,99.0,399.0,1.01666441271658,1.0529437384077,0.002004008016032064,0.004008016032064128,0.006012024048096192,0.008016032064128256,0.01002004008016032,0.012024048096192385,0.014028056112224449,0.01603206412825651,0.018036072144288578,0.02004008016032064,1.0,0.0,0.0,0.0,0.0,0.0,0.0,0.0,0.0,0.0,14.0,0.03203281129336277,2.099503310317104,1.12718222028152,1.0310454314935664,0.016643302999925808,1.02489707929476,0.010090596835400811,0.92890557929309,0.19827664098843,1.0312482587073148,0.0996851854797454,0.020452121726472563,0.000418289283114451
754.41195469033,75.74417215766366,99.0,399.0,0.81426927676409,1.5270813106530725,0.002004008016032064,0.004008016032064128,0.006012024048096192,0.008016032064128256,0.01002004008016032,0.012024048096192385,0.014028056112224449,0.01603206412825651,0.018036072144288578,0.02004008016032064,1.0,0.0,0.0,0.0,0.0,0.0,0.0,0.0,18.0,72.0,132.0,0.573732552365174,0.07663988814872225,2.5972696638218,1.1595018358080234,0.3355783114154858,1.046936735718716,0.2502486834196942,0.47109074051765243,2.1261789233041477,1.2295721225653418,0.7902732485902824,0.40914923603455916,0.16740309734766343
831.1234723001091,83.44613175703907,99.0,399.0,0.7376603594511569,1.55072779436869,0.002004008016032064,0.004008016032064128,0.006012024048096192,0.008016032064128256,0.01002004008016032,0.012024048096192385,0.014028056112224449,0.01603206412825651,0.018036072144288578,0.02004008016032064,1.0,0.0,0.0,0.0,0.0,0.0,0.0,0.0,12.0,147.0,114.0,0.6398174083553062,1.6937464101557103,3.3578834118516,1.1609638625117178,0.4367021714405319,0.9327127752050001,0.2189953010676685,0.4236875810960225,2.9341958307555775,1.290572780125872,1.4976750420477738,0.5636852053617296,0.31774101074369526
786.9235411250907,79.0083876631617,99.0,399.0,0.7260702163704684,1.3955583807609875,0.002004008016032064,0.004008016032064128,0.006012024048096192,0.008016032064128256,0.01002004008016032,0.012024048096192385,0.014028056112224449,0.01603206412825651,0.018036072144288578,0.02004008016032064,1.0,0.0,0.0,0.0,0.0,0.0,0.0,9.0,52.0,63.0,95.0,0.5108326555088685,1.7843414696863178,3.280788481730037,1.13902931039569,0.38067552048571246,1.0414884714651658,0.24647968347724092,0.3296873355143476,2.9511011462156893,1.2557870378448008,1.3043598842169963,0.5287847525019401,0.2796133144785381
546.0289646340477,54.822185204221654,99.0,399.0,1.03971737601371,1.0523472904592999,0.002004008016032064,0.004008016032064128,0.006012024048096192,0.008016032064128256,0.01002004008016032,0.012024048096192385,0.014028056112224449,0.01603206412825651,0.018036072144288578,0.02004008016032064,1.0,0.0,0.0,0.0,0.0,0.0,0.0,0.0,0.0,0.0,1.0,0.009782380918490041,3.124137181594728,1.0843408125584901,1.0460274662139926,0.006347909322810884,1.04583511727562,0.004875107410350132,0.99588968964221,0.0884511229162801,1.0460623414081591,-0.15683600097536846,0.008541781913311836,7.296203825458121e-05
572.4839260801965,57.478305831345025,99.0,399.0,1.0608054595482899,1.082502718075432,0.002004008016032064,0.004008016032064128,0.006012024048096192,0.008016032064128256,0.01002004008016032,0.012024048096192385,0.014028056112224449,0.01603206412825651,0.018036072144288578,0.02004008016032064,1.0,0.0,0.0,0.0,0.0,0.0,0.0,0.0,0.0,0.0,3.0,0.01605620100334848,10.768177027384834,1.1475934231248501,1.0709389811717558,0.012158823179784927,1.0707833243683125,0.007925712634934579,0.9245761060742456,0.22301731705060457,1.0711033455807246,-1.3589126885567264,0.018763675573393604,0.00035207552102356775
566.9120352450791,56.91887904067059,99.0,399.0,1.0576481673317446,1.0745405660078327,0.002004008016032064,0.004008016032064128,0.006012024048096192,0.008016032064128256,0.01002004008016032,0.012024048096192385,0.014028056112224449,0.01603206412825651,0.018036072144288578,0.02004008016032064,1.0,0.0,0.0,0.0,0.0,0.0,0.0,0.0,0.0,0.0,0.0,0.013178933097993006,1.4043522936291408,1.1056781129458841,1.0658174305738344,0.008573208287001708,1.0661586787862163,0.0066245305186491965,1.0211409763516224,0.08453713659426176,1.0658781651840845,-0.4042044992339489,0.0113783874595674,0.00012946770118004065
918.0256656631561,92.17125157260602,99.0,399.0,0.6489083150105042,1.6555588802726202,0.002004008016032064,0.004008016032064128,0.006012024048096192,0.008016032064128256,0.01002004008016032,0.012024048096192385,0.014028056112224449,0.01603206412825651,0.018036072144288578,0.02004008016032064,1.0,0.0,0.0,0.0,0.0,0.0,0.0,8.0,59.0,101.0,107.0,0.78878992221119,1.601880590196803,4.022581090334904,1.1767959833282133,0.5270930822221875,0.9320183284667001,0.29989532866443236,0.27088184904864443,3.7516992412862593,1.3563667619460957,1.3985834506816943,0.6744494099150212,0.4548820065347204
540.4721273330555,54.26426981255577,99.0,399.0,1.0345561420979401,1.04670160902251,0.002004008016032064,0.004008016032064128,0.006012024048096192,0.008016032064128256,0.01002004008016032,0.012024048096192385,0.014028056112224449,0.01603206412825651,0.018036072144288578,0.02004008016032064,1.0,0.0,0.0,0.0,0.0,0.0,0.0,0.0,0.0,0.0,0.0,0.009606988773710023,-0.13049977441344307,1.05989784773198,1.040699911364676,0.005843941592188222,1.0406151035977,0.004948984982440008,1.01889664100938,0.04100120672259999,1.0407259368428106,-0.032906990003125004,0.007360034164393714,5.417010290104267e-05
492.7019425892215,49.46806652502224,99.0,399.0,0.9891379197015798,0.99789391933397,0.002004008016032064,0.004008016032064128,0.006012024048096192,0.008016032064128256,0.01002004008016032,0.012024048096192385,0.014028056112224449,0.01603206412825651,0.018036072144288578,0.02004008016032064,1.0,0.0,0.0,0.0,0.0,0.0,0.0,0.0,0.0,0.0,450.0,0.007144475447590004,0.9132672869110858,1.01204460744101,0.993652915667962,0.004391197642568903,0.99364992165621,0.003559350856100152,0.9737676487634401,0.03827695867756997,0.9936692822379938,0.01563583939419782,0.005703126153942111,3.252564792777853e-05
541.9382767801239,54.411473572301595,99.0,399.0,1.03734014640342,1.04698784135349,0.002004008016032064,0.004008016032064128,0.006012024048096192,0.008016032064128256,0.01002004008016032,0.012024048096192385,0.014028056112224449,0.01603206412825651,0.018036072144288578,0.02004008016032064,1.0,0.0,0.0,0.0,0.0,0.0,0.0,0.0,0.0,0.0,0.0,0.007359281158815012,0.7477516059489302,1.06748775676427,1.0421183896542199,0.0047890785908924075,1.04231303275342,0.0037102951752501223,1.0205409705799802,0.046946786184289824,1.042136579754291,-0.08338659726389103,0.006157337611928148,3.7912806467265024e-05
996.6633335390543,100.06659975291709,99.0,399.0,0.5978040652541401,1.8005936490551273,0.002004008016032064,0.004008016032064128,0.006012024048096192,0.008016032064128256,0.01002004008016032,0.012024048096192385,0.014028056112224449,0.01603206412825651,0.018036072144288578,0.02004008016032064,1.0,0.0,0.0,0.0,0.0,0.0,0.0,13.0,87.0,157.0,51.0,0.9004743495921785,0.7002547888585884,3.8103475699501703,1.1712259861236802,0.6390236946643953,0.7909100319581369,0.24273617059052532,0.2621034336963401,3.5482441362538304,1.4132661850116925,1.306843961576747,0.7909178207159808,0.6255509991261163
550.0369080586581,55.22458916251587,99.0,399.0,1.0461794609728978,1.05409559403,0.002004008016032064,0.004008016032064128,0.006012024048096192,0.008016032064128256,0.01002004008016032,0.012024048096192385,0.014028056112224449,0.01603206412825651,0.018036072144288578,0.02004008016032064,1.0,0.0,0.0,0.0,0.0,0.0,0.0,0.0,0.0,0.0,0.0,0.006302954763996782,0.5480380077414955,1.0651741093760163,1.0498832464013956,0.003752529596478133,1.0496412337965388,0.003079143911191684,1.0344269739288798,0.030747135447136476,1.049894457963772,-0.08959368195575595,0.004851988119198547,2.354178870884385e-05
1023.5138788187577,102.76243763240538,99.0,399.0,0.5992356511022675,1.8563269980825223,0.002004008016032064,0.004008016032064128,0.006012024048096192,0.008016032064128256,0.01002004008016032,0.012024048096192385,0.014028056112224449,0.01603206412825651,0.018036072144288578,0.02004008016032064,1.0,0.0,0.0,0.0,0.0,0.0,0.0,11.0,89.0,115.0,72.0,0.9536167802578073,0.4869904770459743,3.8557230374714,1.2062623532392611,0.6260997028156773,0.8860188196765363,0.32653163441732624,0.31325699945272995,3.54246603801867,1.4321766712500457,1.1954098846570547,0.7720499678327443,0.5960611528305415
511.8235617653061,51.38790780776166,99.0,399.0,1.00805515036005,1.0172048142463799,0.002004008016032064,0.004008016032064128,0.006012024048096192,0.008016032064128256,0.01002004008016032,0.012024048096192385,0.014028056112224449,0.01603206412825651,0.018036072144288578,0.02004008016032064,1.0,0.0,0.0,0.0,0.0,0.0,0.0,0.0,0.0,0.0,9.0,0.007559904621805114,0.9526022042030147,1.0336859214173701,1.0127497920168695,0.004628619666643679,1.01292026276153,0.003753428412240023,0.9873928423907401,0.046293079026630046,1.0127677525334995,-0.08357729123899987,0.006031528955687684,3.637934154329896e-05
560.4638465761986,56.271470539778974,99.0,399.0,1.0548577376941126,1.06449467330765,0.002004008016032064,0.004008016032064128,0.006012024048096192,0.008016032064128256,0.01002004008016032,0.012024048096192385,0.014028056112224449,0.01603206412825651,0.018036072144288578,0.02004008016032064,1.0,0.0,0.0,0.0,0.0,0.0,0.0,0.0,0.0,0.0,1.0,0.007519673843578101,13.711163297059723,1.11566783462269,1.05975770771215,0.005607284381484016,1.0595867898426499,0.003913372123342418,0.99916643019984,0.11650140442285006,1.0597990570079154,-0.11282817873891374,0.00936174019916334,8.764217955663087e-05
558.990646592214,56.1235588948006,99.0,399.0,1.052052404529877,1.0644777837729686,0.002004008016032064,0.004008016032064128,0.006012024048096192,0.008016032064128256,0.01002004008016032,0.012024048096192385,0.014028056112224449,0.01603206412825651,0.018036072144288578,0.02004008016032064,1.0,0.0,0.0,0.0,0.0,0.0,0.0,0.0,0.0,0.0,4.0,0.009454781380718646,16.898511240793564,1.1946646324023416,1.0581967868812465,0.010246048352449477,1.0571109474538265,0.004875461820017746,0.9183566085825118,0.2763080238198298,1.0584052799649781,0.3289158007731601,0.021007067666611944,0.00044129689194961295
565.0698028299191,56.73391594677902,99.0,399.0,1.06015032631325,1.0685015381640497,0.002004008016032064,0.004008016032064128,0.006012024048096192,0.008016032064128256,0.01002004008016032,0.012024048096192385,0.014028056112224449,0.01603206412825651,0.018036072144288578,0.02004008016032064,1.0,0.0,0.0,0.0,0.0,0.0,0.0,0.0,0.0,0.0,0.0,0.006274596175929847,0.7138618968532544,1.0801829795958502,1.0641311287830943,0.004143548918149642,1.06381616061096,0.00327672041253968,1.04513955658685,0.03504342300900021,1.0641449217511758,-0.009425022483919986,0.005418047954141246,2.9355243633374135e-05
564.6103401266455,56.68778515327766,99.0,399.0,1.0594249575152501,1.06775557325001,0.002004008016032064,0.004008016032064128,0.006012024048096192,0.008016032064128256,0.01002004008016032,0.012024048096192385,0.014028056112224449,0.01603206412825651,0.018036072144288578,0.02004008016032064,1.0,0.0,0.0,0.0,0.0,0.0,0.0,0.0,0.0,0.0,0.0,0.006810745887920078,3.367822455072946,1.0922841655340902,1.0636935048272906,0.004523574100509339,1.0637415092570603,0.00337293302057029,1.0357579811674902,0.05652618436660006,1.0637122014663496,-0.004698121902538023,0.006306769111256438,3.977533662269833e-05
508.03766823529827,51.00779801559219,99.0,399.0,1.0046331670917201,1.01294155182985,0.002004008016032064,0.004008016032064128,0.006012024048096192,0.008016032064128256,0.01002004008016032,0.012024048096192385,0.014028056112224449,0.01603206412825651,0.018036072144288578,0.02004008016032064,1.0,0.0,0.0,0.0,0.0,0.0,0.0,0.0,0.0,0.0,13.0,0.006986015177419924,-0.10979579641120996,1.0247546896045099,1.0090033269072023,0.003922756519926119,1.00889325051446,0.0035082466045699423,0.99642341929789,0.02833127030661986,1.0090151433897194,0.22049472426902972,0.004883224341923519,2.384587997355439e-05
504.91052344148795,50.693827654767865,99.0,399.0,1.0016149511735217,1.0099490690409325,0.002004008016032064,0.004008016032064128,0.006012024048096192,0.008016032064128256,0.01002004008016032,0.012024048096192385,0.014028056112224449,0.01603206412825651,0.018036072144288578,0.02004008016032064,1.0,0.0,0.0,0.0,0.0,0.0,0.0,0.0,0.0,0.0,49.0,0.007037827779617922,1.1601289901061094,1.0288205468072216,1.0058918330756712,0.004001428531049348,1.00599056493536,0.003526471686341459,0.9865984545344055,0.042222092272816036,1.0059049340547481,-0.05058126156893986,0.005133858914425898,2.635650735323026e-05
523.6337602727044,52.57367071011088,99.0,399.0,1.0186030384435314,1.0301364450243222,0.002004008016032064,0.004008016032064128,0.006012024048096192,0.008016032064128256,0.01002004008016032,0.012024048096192385,0.014028056112224449,0.01603206412825651,0.018036072144288578,0.02004008016032064,1.0,0.0,0.0,0.0,0.0,0.0,0.0,0.0,0.0,0.0,0.0,0.00927558576493448,-0.13755033795254068,1.0440230356502784,1.0243636780063934,0.0054386011891236,1.0244090954286809,0.004640609329290779,1.002390769066051,0.04163226658422747,1.0243857930738358,-0.029354613269321348,0.006731139036281335,4.530823272575042e-05
516.1572218656771,51.82301424354188,99.0,399.0,1.01271833791189,1.0210349169357,0.002004008016032064,0.004008016032064128,0.006012024048096192,0.008016032064128256,0.01002004008016032,0.012024048096192385,0.014028056112224449,0.01603206412825651,0.018036072144288578,0.02004008016032064,1.0,0.0,0.0,0.0,0.0,0.0,0.0,0.0,0.0,0.0,2.0,0.006350083760070069,4.388242033588977,1.05301810379658,1.0170278450877503,0.004426387495602692,1.0172386609264499,0.0031043697211901033,0.99365184288737,0.059366260909210045,1.0170463166206627,0.5184940439670335,0.006129638474189619,3.757246782426564e-05
560.7284630581771,56.29803845965633,99.0,399.0,1.0525892435357713,1.06617120443976,0.002004008016032064,0.004008016032064128,0.006012024048096192,0.008016032064128256,0.01002004008016032,0.012024048096192385,0.014028056112224449,0.01603206412825651,0.018036072144288578,0.02004008016032064,1.0,0.0,0.0,0.0,0.0,0.0,0.0,0.0,0.0,0.0,9.0,0.010346329014681466,26.055923253237083,1.2805051557398934,1.0597335343200451,0.012126818769806251,1.0588113715313126,0.005387136053574659,0.91226263199918,0.3682425237407134,1.060049213379231,1.6338519957962387,0.025868340176202573,0.0006691710234717361
1237.1451177166791,124.21135720046978,99.0,399.0,0.44845133868434994,2.1048144515437395,0.002004008016032064,0.004008016032064128,0.006012024048096192,0.008016032064128256,0.01002004008016032,0.012024048096192385,0.014028056112224449,0.01603206412825651,0.018036072144288578,0.02004008016032064,1.0,0.0,0.0,0.0,0.0,0.0,0.0,63.0,98.0,64.0,63.0,1.1763623760132313,0.5874051830156737,4.611994128913443,1.238680637322753,0.7812146476879811,0.85309219365211,0.4215223630297779,0.21503872329238716,4.396955405621055,1.574563029192276,1.2444128589332073,0.9720694479412751,0.9449190116208555
552.3235920404704,55.45417590767775,99.0,399.0,1.0456590919841176,1.0588758267942942,0.002004008016032064,0.004008016032064128,0.006012024048096192,0.008016032064128256,0.01002004008016032,0.012024048096192385,0.014028056112224449,0.01603206412825651,0.018036072144288578,0.02004008016032064,1.0,0.0,0.0,0.0,0.0,0.0,0.0,0.0,0.0,0.0,0.0,0.009647886646706905,2.3763880189915714,1.0943015497075923,1.0520265471902066,0.007084812829962317,1.051592321937064,0.004731919940478058,1.010851975108685,0.08344957459890723,1.0520745724009901,0.0987333350197351,0.010052357921324903,0.00010104989977842354
1045.1467795812712,104.93441562060954,99.0,399.0,0.5796566392996,1.74734019068285,0.002004008016032064,0.004008016032064128,0.006012024048096192,0.008016032064128256,0.01002004008016032,0.012024048096192385,0.014028056112224449,0.01603206412825651,0.018036072144288578,0.02004008016032064,1.0,0.0,0.0,0.0,0.0,0.0,0.0,15.0,96.0,140.0,74.0,0.8102337045790022,1.048092965905301,4.19043016200628,1.1739231933817436,0.6656860181764718,0.7953419039980113,0.24672947553584135,0.34233854221649007,3.8480916197897894,1.447232712527935,1.46036578549864,0.8463963966436612,0.7163868602513739
817.1739872946828,82.04558105368301,99.0,399.0,0.69548650523819,1.6287527354471567,0.002004008016032064,0.004008016032064128,0.006012024048096192,0.008016032064128256,0.01002004008016032,0.012024048096192385,0.014028056112224449,0.01603206412825651,0.018036072144288578,0.02004008016032064,1.0,0.0,0.0,0.0,0.0,0.0,0.0,3.0,39.0,94.0,83.0,0.7142315594691033,0.4052269711244687,2.9741405581120497,1.1718914906802003,0.40858077074945426,1.065405237259572,0.3326080352573918,0.37608134244221003,2.5980592156698394,1.2796965347422913,0.9357323631276192,0.5140948892011731,0.2642935551027665
534.3982393116071,53.654441697952514,99.0,399.0,1.03042608569267,1.03905299955321,0.002004008016032064,0.004008016032064128,0.006012024048096192,0.008016032064128256,0.01002004008016032,0.012024048096192385,0.014028056112224449,0.01603206412825651,0.018036072144288578,0.02004008016032064,1.0,0.0,0.0,0.0,0.0,0.0,0.0,0.0,0.0,0.0,0.0,0.00672696476118495,1.99904596521728,1.05959834995054,1.0348459427347547,0.004270478345711942,1.0346546495736098,0.0033633517222801945,1.0169083449398102,0.042690005010729726,1.0348615150511116,0.5123850468880944,0.005677159439239502,3.2230139298546176e-05
553.7805232377557,55.600454140336915,99.0,399.0,1.046645381212432,1.059294964096797,0.002004008016032064,0.004008016032064128,0.006012024048096192,0.008016032064128256,0.01002004008016032,0.012024048096192385,0.014028056112224449,0.01603206412825651,0.018036072144288578,0.02004008016032064,1.0,0.0,0.0,0.0,0.0,0.0,0.0,0.0,0.0,0.0,0.0,0.010126667843173287,6.646660919124521,1.1165654353000063,1.0534225933887136,0.006524398227117134,1.0536973740237408,0.005043046588258049,1.0274512871364856,0.0891141481635207,1.0534612511577695,1.1337990351239744,0.009024822939536712,8.144742908998806e-05
1374.3357517814866,137.98551724713718,99.0,399.0,0.42584062949157253,2.2905269477216397,0.002004008016032064,0.004008016032064128,0.006012024048096192,0.008016032064128256,0.01002004008016032,0.012024048096192385,0.014028056112224449,0.01603206412825651,0.018036072144288578,0.02004008016032064,1.0,0.0,0.0,0.0,0.0,0.0,24.0,67.0,83.0,63.0,36.0,1.4940380589517943,0.18869902122676319,4.67031541166925,1.2856136047301558,0.860297741782232,0.859957876967653,0.4954370141139103,0.0778578948125284,4.592457516856721,1.6595721928525895,1.0845863770259312,1.0494653508440794,1.1013775226222868
796.3029447133638,79.95009485073933,99.0,399.0,0.7186837526225355,1.5456290137977002,0.002004008016032064,0.004008016032064128,0.006012024048096192,0.008016032064128256,0.01002004008016032,0.012024048096192385,0.014028056112224449,0.01603206412825651,0.018036072144288578,0.02004008016032064,1.0,0.0,0.0,0.0,0.0,0.0,0.0,8.0,42.0,99.0,79.0,0.7011973903706971,0.5381907812308611,2.93829961935797,1.1563096582394994,0.4116558132900588,1.0695502090143316,0.3385454560831116,0.2137999755687576,2.7244996437892124,1.2632487816718918,0.8536748418585693,0.5086702848187328,0.2587454586575707
555.539376618047,55.777045845185434,99.0,399.0,1.048870966098649,1.0617761368615841,0.002004008016032064,0.004008016032064128,0.006012024048096192,0.008016032064128256,0.01002004008016032,0.012024048096192385,0.014028056112224449,0.01603206412825651,0.018036072144288578,0.02004008016032064,1.0,0.0,0.0,0.0,0.0,0.0,0.0,0.0,0.0,0.0,1.0,0.010461120630372633,4.382972463254199,1.0936530497745276,1.0550814028453657,0.007331818157208709,1.0550658286309624,0.005204237237886211,0.9979599212456849,0.09569312852884271,1.0551328655501269,-0.5636695050884987,0.010421004456256756,0.00010859733387732316
959.7374912401632,96.35918586748626,99.0,399.0,0.5771004202821725,1.7270032931967048,0.002004008016032064,0.004008016032064128,0.006012024048096192,0.008016032064128256,0.01002004008016032,0.012024048096192385,0.014028056112224449,0.01603206412825651,0.018036072144288578,0.02004008016032064,1.0,0.0,0.0,0.0,0.0,0.0,3.0,33.0,73.0,87.0,60.0,0.8798696750500536,1.0040891309347648,3.83346766345465,1.1792367155116739,0.5744401533589615,0.98494932172923,0.4041935035038726,0.10207716072769449,3.7313905027269554,1.3868387165535112,1.1757758103581708,0.7298783422742654,0.5327223945210298
1243.6891121612002,124.86838475514057,99.0,399.0,0.5240878334250968,2.109404871531,0.002004008016032064,0.004008016032064128,0.006012024048096192,0.008016032064128256,0.01002004008016032,0.012024048096192385,0.014028056112224449,0.01603206412825651,0.018036072144288578,0.02004008016032064,1.0,0.0,0.0,0.0,0.0,0.0,2.0,34.0,100.0,101.0,63.0,1.135924064805423,0.39952759712295816,4.310369893690209,1.255961826842053,0.777737199758178,0.8101098924160999,0.34286779651570337,0.1264948528244666,4.183875040865742,1.5787219356881206,1.2338760667975952,0.9565159903202978,0.9149228397384199
501.04626475177645,50.30584987467635,99.0,399.0,0.9953572301276901,1.00874264987769,0.002004008016032064,0.004008016032064128,0.006012024048096192,0.008016032064128256,0.01002004008016032,0.012024048096192385,0.014028056112224449,0.01603206412825651,0.018036072144288578,0.02004008016032064,1.0,0.0,0.0,0.0,0.0,0.0,0.0,0.0,0.0,0.0,205.0,0.010096571825159995,0.3796934382514059,1.0277715932818499,1.0020137762210126,0.0065004521028126675,1.0018796703950699,0.005121023978179928,0.9756075051097299,0.05216408817211993,1.002048267782288,0.2091367215623821,0.008314038055642275,6.912322879066797e-05
806.8514453432033,81.00918125935776,99.0,399.0,0.7449564116853735,1.5607937059355699,0.002004008016032064,0.004008016032064128,0.006012024048096192,0.008016032064128256,0.01002004008016032,0.012024048096192385,0.014028056112224449,0.01603206412825651,0.018036072144288578,0.02004008016032064,1.0,0.0,0.0,0.0,0.0,0.0,0.0,2.0,10.0,136.0,117.0,0.6936450974890042,1.5757722196895658,3.45052487724889,1.158222462784733,0.41908436182989267,0.95001089689385,0.24389543540253067,0.3099910379251981,3.140533839323692,1.271588284082091,1.336915759641005,0.5248404432927247,0.2754574909157038
552.3626712311935,55.45809952120417,99.0,399.0,1.0485868298186456,1.0556727231497045,0.002004008016032064,0.004008016032064128,0.006012024048096192,0.008016032064128256,0.01002004008016032,0.012024048096192385,0.014028056112224449,0.01603206412825651,0.018036072144288578,0.02004008016032064,1.0,0.0,0.0,0.0,0.0,0.0,0.0,0.0,0.0,0.0,0.0,0.005752460671239579,-0.0239941278438347,1.0647821921295526,1.0521036621677406,0.0033433696253035005,1.0515956532240567,0.0027893726305658895,1.0376876572901503,0.027094534839402273,1.0521117910679432,0.2935970632237109,0.004135813997781617,1.710495742424636e-05
1022.0065365746478,102.61109804966343,99.0,399.0,0.5116609615477025,1.69211864700937,0.002004008016032064,0.004008016032064128,0.006012024048096192,0.008016032064128256,0.01002004008016032,0.012024048096192385,0.014028056112224449,0.01603206412825651,0.018036072144288578,0.02004008016032064,1.0,0.0,0.0,0.0,0.0,0.0,0.0,43.0,83.0,49.0,60.0,0.9382046160671619,0.887372335721806,4.18209797386809,1.2064062120117034,0.5911153452313452,1.036261233666078,0.4595293694595364,0.23875753546532333,3.9433404384027666,1.431121690050417,1.1795098343135164,0.7698657956763206,0.5926933433523343
893.2872360308168,89.68747349706994,99.0,399.0,0.508090980612682,1.71066313180232,0.002004008016032064,0.004008016032064128,0.006012024048096192,0.008016032064128256,0.01002004008016032,0.012024048096192385,0.014028056112224449,0.01603206412825651,0.018036072144288578,0.02004008016032064,1.0,0.0,0.0,0.0,0.0,0.0,7.0,51.0,59.0,40.0,38.0,0.9904540908576791,-0.6087139706138083,2.9772437209844966,1.187921293300375,0.5137844821939858,1.21670555547714,0.4741048084469599,0.1004305802571233,2.876813140727373,1.3379666593846362,0.24454583794316248,0.6156279579002628,0.3789977825484478
565.6145832470397,56.788612775807195,99.0,399.0,1.0591775048315575,1.0683914528162,0.002004008016032064,0.004008016032064128,0.006012024048096192,0.008016032064128256,0.01002004008016032,0.012024048096192385,0.014028056112224449,0.01603206412825651,0.018036072144288578,0.02004008016032064,1.0,0.0,0.0,0.0,0.0,0.0,0.0,0.0,0.0,0.0,1.0,0.0064692086202771115,20.96928841474987,1.1653804608258502,1.0645754553672149,0.00657517264364442,1.0643545410267925,0.003289618519677129,0.9937284422556598,0.1716520185701904,1.064657766050529,2.5279138231042064,0.013238528671646125,0.0001752586413899965
820.6043381872996,82.38999379390557,99.0,399.0,0.6092916591034829,1.4186981365356865,0.002004008016032064,0.004008016032064128,0.006012024048096192,0.008016032064128256,0.01002004008016032,0.012024048096192385,0.014028056112224449,0.01603206412825651,0.018036072144288578,0.02004008016032064,1.0,0.0,0.0,0.0,0.0,0.0,0.0,31.0,66.0,42.0,58.0,0.5813151521322368,1.78389058580336,3.892005290707559,1.137245606481987,0.42372424650644563,1.0614821066051985,0.2839838397633314,0.25584130277086764,3.6361639879366914,1.2823796909332412,1.24028174213642,0.5925960700641315,0.3511701022554531
699.7542589528159,70.25645170208995,99.0,399.0,0.7723778013807011,1.5103914187452498,0.002004008016032064,0.004008016032064128,0.006012024048096192,0.008016032064128256,0.01002004008016032,0.012024048096192385,0.014028056112224449,0.01603206412825651,0.018036072144288578,0.02004008016032064,1.0,0.0,0.0,0.0,0.0,0.0,0.0,0.0,15.0,103.0,124.0,0.589898300566243,-0.3365554642529207,2.38132923722225,1.1183510936316805,0.3235198900708022,1.011318119451782,0.2417495710915305,0.45775464027488966,1.9235745969473603,1.1841930350217484,0.726765130874787,0.38936355192396227,0.15160397556684405
890.8935489660025,89.44714347048217,99.0,399.0,0.5894354723497996,1.6729274756592978,0.002004008016032064,0.004008016032064128,0.006012024048096192,0.008016032064128256,0.01002004008016032,0.012024048096192385,0.014028056112224449,0.01603206412825651,0.018036072144288578,0.02004008016032064,1.0,0.0,0.0,0.0,0.0,0.0,0.0,24.0,80.0,85.0,67.0,0.8748077308840685,1.0627334838257712,3.9742252723998037,1.157636704776597,0.5282884159771519,0.9777569642193145,0.3838695337688469,0.2121841654707216,3.762041106929082,1.336172823237744,1.1377881791407949,0.6672593748409272,0.445235073313105
519.5563009563726,52.16428724461572,99.0,399.0,1.0125184888469982,1.0274702381414025,0.002004008016032064,0.004008016032064128,0.006012024048096192,0.008016032064128256,0.01002004008016032,0.012024048096192385,0.014028056112224449,0.01603206412825651,0.018036072144288578,0.02004008016032064,1.0,0.0,0.0,0.0,0.0,0.0,0.0,0.0,0.0,0.0,14.0,0.011078505884692946,6.353039095402924,1.084123129299957,1.0203216307409337,0.00799435541253602,1.0200609192105299,0.005460679836366333,0.9754153507108099,0.10870777858914704,1.0203896274936053,0.9494556877250803,0.011779717258898259,0.00013876173869958552
510.3270649424595,51.23765712273689,99.0,399.0,1.0060736557949301,1.0169154740651,0.002004008016032064,0.004008016032064128,0.006012024048096192,0.008016032064128256,0.01002004008016032,0.012024048096192385,0.014028056112224449,0.01603206412825651,0.018036072144288578,0.02004008016032064,1.0,0.0,0.0,0.0,0.0,0.0,0.0,0.0,0.0,0.0,25.0,0.00896551245842514,0.3539000943106081,1.0346011860788398,1.0112645332603944,0.005180173844322105,1.01115834864834,0.004257573852090024,0.98850634196048,0.046094844118359735,1.0112860767076766,-0.16975955666350484,0.0066009629934459055,4.3572712440842326e-05
768.4152458692666,77.15012508727575,99.0,399.0,0.7487060701430941,1.4863008100294501,0.002004008016032064,0.004008016032064128,0.006012024048096192,0.008016032064128256,0.01002004008016032,0.012024048096192385,0.014028056112224449,0.01603206412825651,0.018036072144288578,0.02004008016032064,1.0,0.0,0.0,0.0,0.0,0.0,0.0,1.0,49.0,63.0,105.0,0.5993978819167499,0.5941554580018487,2.76212696954594,1.1486033710084194,0.36823287030727225,1.04733520275656,0.30105446826378013,0.39846080747845003,2.36366616206749,1.2409312278943019,0.8839782205955037,0.46970268092843076,0.22062060847135523
567.1232513108675,56.940085472978666,99.0,399.0,1.06165855650214,1.07024534235162,0.002004008016032064,0.004008016032064128,0.006012024048096192,0.008016032064128256,0.01002004008016032,0.012024048096192385,0.014028056112224449,0.01603206412825651,0.018036072144288578,0.02004008016032064,1.0,0.0,0.0,0.0,0.0,0.0,0.0,0.0,0.0,0.0,0.0,0.006892002431430289,0.013703574224908532,1.0804556642679797,1.0660645715359494,0.004029848161414322,1.06601321943086,0.003492850812559789,1.0493640919151699,0.031091572352809793,1.0660767053571452,-0.031292677163758366,0.005086356359704757,2.5871021017909025e-05
523.0818091014843,52.51825392585183,99.0,399.0,1.017479346869755,1.0292085086414424,0.002004008016032064,0.004008016032064128,0.006012024048096192,0.008016032064128256,0.01002004008016032,0.012024048096192385,0.014028056112224449,0.01603206412825651,0.018036072144288578,0.02004008016032064,1.0,0.0,0.0,0.0,0.0,0.0,0.0,0.0,0.0,0.0,0.0,0.009534280489377212,-0.020929150300393218,1.0467466675088035,1.0238209352474414,0.005717764564681216,1.0236255534677015,0.004789627225632254,1.0051749626041635,0.04157170490464002,1.0238457591258208,0.26277634812471806,0.0071295882758187715,5.083102898269248e-05
744.9581034053715,74.79499030174412,99.0,399.0,0.7746739338579498,1.5463858873301297,0.002004008016032064,0.004008016032064128,0.006012024048096192,0.008016032064128256,0.01002004008016032,0.012024048096192385,0.014028056112224449,0.01603206412825651,0.018036072144288578,0.02004008016032064,1.0,0.0,0.0,0.0,0.0,0.0,0.0,0.0,12.0,104.0,123.0,0.6171502915988915,-0.47712253492941503,2.3386942270393303,1.1455959906856277,0.3545570034791001,1.0429641918102202,0.2681723677329897,0.50078965035254,1.8379045766867903,1.2218436932899428,0.7508085149904273,0.4248668461499706,0.1805118369574228
1201.2439865995345,120.60682596380867,99.0,399.0,0.5346029142349509,2.21931199439905,0.002004008016032064,0.004008016032064128,0.006012024048096192,0.008016032064128256,0.01002004008016032,0.012024048096192385,0.014028056112224449,0.01603206412825651,0.018036072144288578,0.02004008016032064,1.0,0.0,0.0,0.0,0.0,0.0,3.0,45.0,83.0,89.0,73.0,1.3221141992821404,-0.10256898716400853,4.194967688905249,1.2574744849794237,0.7613361624040289,0.8571955573600581,0.38574048922960574,0.15508507099949334,4.039882617905756,1.5515484453782875,1.0355768178464926,0.908878703668159,0.8260604979815132
567.3344350955808,56.96128866421494,99.0,399.0,1.0621897267700995,1.070755034277108,0.002004008016032064,0.004008016032064128,0.006012024048096192,0.008016032064128256,0.01002004008016032,0.012024048096192385,0.014028056112224449,0.01603206412825651,0.018036072144288578,0.02004008016032064,1.0,0.0,0.0,0.0,0.0,0.0,0.0,0.0,0.0,0.0,0.0,0.00732443325129406,2.585451017707057,1.0824847988986241,1.0662584643051347,0.004502388006671536,1.0665984622629738,0.003668969891341245,1.0376015137180123,0.0448832851806118,1.0662751782267872,-0.7284390758976693,0.0059701758954487805,3.564300022259765e-05
717.6282582998685,72.051029949786,99.0,399.0,0.7901762541160101,1.4158467422828722,0.002004008016032064,0.004008016032064128,0.006012024048096192,0.008016032064128256,0.01002004008016032,0.012024048096192385,0.014028056112224449,0.01603206412825651,0.018036072144288578,0.02004008016032064,1.0,0.0,0.0,0.0,0.0,0.0,0.0,0.0,15.0,88.0,151.0,0.4626353720553591,0.754497954060231,2.54518213563417,1.1218402781290502,0.3284057628700037,0.99346388368206,0.20036323258100008,0.49744711623666404,2.047735019397506,1.1992217401982277,1.1918875487312746,0.4238008642409788,0.17960717253140052
1174.891608915435,117.96100491118824,99.0,399.0,0.5336403883481,2.1340634355014823,0.002004008016032064,0.004008016032064128,0.006012024048096192,0.008016032064128256,0.01002004008016032,0.012024048096192385,0.014028056112224449,0.01603206412825651,0.018036072144288578,0.02004008016032064,1.0,0.0,0.0,0.0,0.0,0.0,2.0,26.0,123.0,110.0,42.0,1.2866886966133781,0.2729435027159619,4.63074321278264,1.2363678901179391,0.762732552225795,0.7812823875860101,0.29690545304900917,0.17360423485001159,4.457138977932629,1.5344354669504159,1.1471672020185806,0.9087830558063109,0.8258866425206565
514.6808401498696,51.674783147577266,99.0,399.0,1.01060082913131,1.0205130698409701,0.002004008016032064,0.004008016032064128,0.006012024048096192,0.008016032064128256,0.01002004008016032,0.012024048096192385,0.014028056112224449,0.01603206412825651,0.018036072144288578,0.02004008016032064,1.0,0.0,0.0,0.0,0.0,0.0,0.0,0.0,0.0,0.0,7.0,0.007984852945579934,4.200673698904978,1.04167342580817,1.0155666432435202,0.0051283849835316005,1.01567901023909,0.004019110857389929,0.9724777455849101,0.06919568022325984,1.0155907292598019,-0.5359141370086358,0.006994461347725147,4.892248954482108e-05
529.0295469274563,53.11541635817834,99.0,399.0,1.02522803652269,1.03421621453729,0.002004008016032064,0.004008016032064128,0.006012024048096192,0.008016032064128256,0.01002004008016032,0.012024048096192385,0.014028056112224449,0.01603206412825651,0.018036072144288578,0.02004008016032064,1.0,0.0,0.0,0.0,0.0,0.0,0.0,0.0,0.0,0.0,1.0,0.007073408509270074,2.427342421661166,1.0547066083638799,1.0296332569481255,0.004462658456570682,1.0296679057476599,0.0035326519046698923,0.99941737323819,0.05528923512568984,1.0296501603750827,-0.2438340332539526,0.005899910747524425,3.480894682875422e-05
910.1396320009283,91.37948112459118,99.0,399.0,0.6368691363025899,1.5611152470946001,0.002004008016032064,0.004008016032064128,0.006012024048096192,0.008016032064128256,0.01002004008016032,0.012024048096192385,0.014028056112224449,0.01603206412825651,0.018036072144288578,0.02004008016032064,1.0,0.0,0.0,0.0,0.0,0.0,0.0,1.0,74.0,102.0,85.0,0.6772993590825871,1.7251518258937235,3.6158144387926803,1.169308804343185,0.5019353078022589,0.973702471020459,0.3113626869218521,0.37665507740948995,3.2391593613831904,1.3505284588776103,1.5272125337381142,0.6757544216088002,0.45664403832384404
554.380093787383,55.66065198668503,99.0,399.0,1.0426934559798995,1.0656310507741136,0.002004008016032064,0.004008016032064128,0.006012024048096192,0.008016032064128256,0.01002004008016032,0.012024048096192385,0.014028056112224449,0.01603206412825651,0.018036072144288578,0.02004008016032064,1.0,0.0,0.0,0.0,0.0,0.0,0.0,0.0,0.0,0.0,22.0,0.015917860304433873,6.874341263085185,1.2223399594198847,1.0536152699014876,0.017310148299868076,1.0537301345740102,0.008032228259757135,0.9188906340987981,0.3034493253210866,1.0540313808793944,0.22549980298571273,0.029614437508394674,0.0008770149089386134
644.2978230307633,64.68853644887182,99.0,399.0,0.7971349789414743,1.354262957475745,0.002004008016032064,0.004008016032064128,0.006012024048096192,0.008016032064128256,0.01002004008016032,0.012024048096192385,0.014028056112224449,0.01603206412825651,0.018036072144288578,0.02004008016032064,1.0,0.0,0.0,0.0,0.0,0.0,0.0,0.0,2.0,99.0,120.0,0.4348532147796009,-0.5038309070453226,1.96002633839272,1.0970085485344376,0.24827302455777903,1.0351960251272403,0.22314905349744718,0.54061737790301,1.4194089604897098,1.1363001373165709,0.5481963392659258,0.29622668095231414,0.0877502465080241
782.0768168672765,78.52176876177475,99.0,399.0,0.76138155406726,1.501865972740242,0.002004008016032064,0.004008016032064128,0.006012024048096192,0.008016032064128256,0.01002004008016032,0.012024048096192385,0.014028056112224449,0.01603206412825651,0.018036072144288578,0.02004008016032064,1.0,0.0,0.0,0.0,0.0,0.0,0.0,0.0,15.0,108.0,150.0,0.6105507524526388,1.915881477364449,3.3679760626147996,1.151338254114856,0.3866658052039611,0.9564620735769401,0.22611416755062208,0.41549415895774416,2.9524819036570555,1.2519138189807089,1.4126980485606921,0.4916385204259513,0.24170843476661855
869.4420448623735,87.29337799823026,99.0,399.0,0.6578462908870888,1.65993230875053,0.002004008016032064,0.004008016032064128,0.006012024048096192,0.008016032064128256,0.01002004008016032,0.012024048096192385,0.014028056112224449,0.01603206412825651,0.018036072144288578,0.02004008016032064,1.0,0.0,0.0,0.0,0.0,0.0,0.0,2.0,61.0,92.0,78.0,0.8203084691976387,-0.326480780070026,3.03187106596941,1.1953422233128246,0.4680805698758161,1.0515485611272501,0.400388192750299,0.3715258280858349,2.6603452378835755,1.319988192136394,0.6961563699676261,0.5599337429955971,0.31352579654505935
1066.0423859537664,107.03236806764721,99.0,399.0,0.647900509646164,1.90562030113985,0.002004008016032064,0.004008016032064128,0.006012024048096192,0.008016032064128256,0.01002004008016032,0.012024048096192385,0.014028056112224449,0.01603206412825651,0.018036072144288578,0.02004008016032064,1.0,0.0,0.0,0.0,0.0,0.0,0.0,12.0,58.0,157.0,80.0,0.8885016632055338,1.2565727095903627,4.6335352642053795,1.2130797718421606,0.6482732063692561,0.83589968049273,0.2316289906005784,0.24393689501969254,4.389598369185687,1.4616283682527837,1.4291045864583825,0.8153495900708279,0.664794954028667
514.4522074974898,51.65182806199696,99.0,399.0,1.0105390849076101,1.02003663286146,0.002004008016032064,0.004008016032064128,0.006012024048096192,0.008016032064128256,0.01002004008016032,0.012024048096192385,0.014028056112224449,0.01603206412825651,0.018036072144288578,0.02004008016032064,1.0,0.0,0.0,0.0,0.0,0.0,0.0,0.0,0.0,0.0,3.0,0.007421631976225029,0.6504849211467874,1.03257881344862,1.0153493494486292,0.004486413413497319,1.01523930924321,0.003696469458920104,0.9900919719026401,0.042486841545979925,1.0153651302316622,-0.03366240132973707,0.005660942024614617,3.2046264606047845e-05
567.3608401692777,56.96393977603189,99.0,399.0,1.06238294380222,1.0697998769922898,0.002004008016032064,0.004008016032064128,0.006012024048096192,0.008016032064128256,0.01002004008016032,0.012024048096192385,0.014028056112224449,0.01603206412825651,0.018036072144288578,0.02004008016032064,1.0,0.0,0.0,0.0,0.0,0.0,0.0,0.0,0.0,0.0,0.0,0.005942101777709929,0.22328633500408746,1.0809629558784402,1.0662897167410639,0.0036628115991815084,1.0663589777167999,0.002960540864900052,1.05240501813968,0.028557937738760142,1.066299991410447,0.09314736421746844,0.004680988590154344,2.191165418115516e-05
495.37517514494084,49.736463367965946,99.0,399.0,0.99109964904746,1.00140358760114,0.002004008016032064,0.004008016032064128,0.006012024048096192,0.008016032064128256,0.01002004008016032,0.012024048096192385,0.014028056112224449,0.01603206412825651,0.018036072144288578,0.02004008016032064,1.0,0.0,0.0,0.0,0.0,0.0,0.0,0.0,0.0,0.0,364.0,0.008047165024295033,-0.029807587665247937,1.01760260979885,0.9963436303722351,0.004715498846083235,0.9961731734625401,0.0040415735386201135,0.9819797249792901,0.035622884819559886,0.9963612908647893,0.1437624806144511,0.005932297229947779,3.519215042444609e-05
804.9479854646377,80.8180708297829,99.0,399.0,0.6696722670959542,1.5592527824476914,0.002004008016032064,0.004008016032064128,0.006012024048096192,0.008016032064128256,0.01002004008016032,0.012024048096192385,0.014028056112224449,0.01603206412825651,0.018036072144288578,0.02004008016032064,1.0,0.0,0.0,0.0,0.0,0.0,0.0,10.0,62.0,65.0,57.0,0.700871650139107,0.043648299758975106,2.9213668406941395,1.165849907767462,0.4014582441688958,1.1289973979867614,0.3535579062962152,0.3123528595719322,2.6090139811222075,1.2700874833490783,0.61141483799922,0.5039009901941015,0.25391620791859604
901.2090502710342,90.4828363725938,99.0,399.0,0.6565228607677225,1.72078559526348,0.002004008016032064,0.004008016032064128,0.006012024048096192,0.008016032064128256,0.01002004008016032,0.012024048096192385,0.014028056112224449,0.01603206412825651,0.018036072144288578,0.02004008016032064,1.0,0.0,0.0,0.0,0.0,0.0,0.0,4.0,69.0,124.0,72.0,0.8868242096501144,0.8007819157668079,3.55754551416857,1.1769464104974265,0.5266584218157941,0.9334476209413824,0.3388348550153377,0.31932307333563414,3.238222440832936,1.3438862157429088,1.171435783432215,0.6487120375644494,0.4208273076810196
510.54085819766055,51.25912230900206,99.0,399.0,1.0025892827450134,1.019946330600825,0.002004008016032064,0.004008016032064128,0.006012024048096192,0.008016032064128256,0.01002004008016032,0.012024048096192385,0.014028056112224449,0.01603206412825651,0.018036072144288578,0.02004008016032064,1.0,0.0,0.0,0.0,0.0,0.0,0.0,0.0,0.0,0.0,71.0,0.013593141923371022,1.54314221718296,1.05997724774731,1.011423866235871,0.00905992767483989,1.012047655210215,0.006756322945487669,0.9662529324317525,0.09372431531555747,1.011497885484691,0.02736752269690321,0.01223663141899001,0.00014973514848421347
579.6228301987675,58.19506327296862,99.0,399.0,1.06801350409421,1.0852063828360803,0.002004008016032064,0.004008016032064128,0.006012024048096192,0.008016032064128256,0.01002004008016032,0.012024048096192385,0.014028056112224449,0.01603206412825651,0.018036072144288578,0.02004008016032064,1.0,0.0,0.0,0.0,0.0,0.0,0.0,0.0,0.0,0.0,4.0,0.012966786901350114,13.577454979969797,1.21337715730706,1.0775520031869101,0.011948134560038398,1.07653590472681,0.006518189650390083,0.9449230028034199,0.2684541545036401,1.0777610115389784,0.3904063528526157,0.021224476940536245,0.0004504784213993548
510.0709999464164,51.21194778578477,99.0,399.0,1.0050193314037001,1.01702965526193,0.002004008016032064,0.004008016032064128,0.006012024048096192,0.008016032064128256,0.01002004008016032,0.012024048096192385,0.014028056112224449,0.01603206412825651,0.018036072144288578,0.02004008016032064,1.0,0.0,0.0,0.0,0.0,0.0,0.0,0.0,0.0,0.0,31.0,0.009594070311584879,-0.023499880975509146,1.0283150557183398,1.0110076922681503,0.005635586119640753,1.01078961165769,0.004690976371240163,0.98614303000866,0.04217202570967982,1.0110323301646238,-0.06552249562029885,0.007058244309885699,4.981881273803384e-05
914.6448993083757,91.8318171996361,99.0,399.0,0.5864764786549401,1.8242857803150203,0.002004008016032064,0.004008016032064128,0.006012024048096192,0.008016032064128256,0.01002004008016032,0.012024048096192385,0.014028056112224449,0.01603206412825651,0.018036072144288578,0.02004008016032064,1.0,0.0,0.0,0.0,0.0,0.0,0.0,27.0,74.0,46.0,79.0,0.9084960127233143,-0.40297115034681896,3.5693342270948567,1.2008002412025778,0.5188193519106072,1.08624592771505,0.44408525054623593,0.2086118210729,3.3607224060219565,1.3538669469474558,0.6108353229983259,0.6253275068031598,0.3910344907646559
874.4698551102479,87.79817822392046,99.0,399.0,0.66062747054702,1.7506421225778501,0.002004008016032064,0.004008016032064128,0.006012024048096192,0.008016032064128256,0.01002004008016032,0.012024048096192385,0.014028056112224449,0.01603206412825651,0.018036072144288578,0.02004008016032064,1.0,0.0,0.0,0.0,0.0,0.0,0.0,6.0,63.0,94.0,89.0,0.7825859266534951,0.27875394399004705,3.27866001240326,1.1748274802101895,0.48999059374613285,0.9866271777600225,0.3268633799121725,0.35427019529184,2.92438981711142,1.3237993048114711,1.0245961300726119,0.6101024431702531,0.37222499116231184
520.2281407422312,52.23174103837662,99.0,399.0,1.01432275038821,1.02783263678964,0.002004008016032064,0.004008016032064128,0.006012024048096192,0.008016032064128256,0.01002004008016032,0.012024048096192385,0.014028056112224449,0.01603206412825651,0.018036072144288578,0.02004008016032064,1.0,0.0,0.0,0.0,0.0,0.0,0.0,0.0,0.0,0.0,9.0,0.010148396164094908,1.5258933820853224,1.04643917727665,1.0210106682970241,0.006640855173201359,1.02112248588614,0.005177299289490067,0.98212229360062,0.06431688367602995,1.0210491487743811,-0.34758853831284703,0.008864504303822912,7.857943655249494e-05
826.5305490882473,82.98499488837824,99.0,399.0,0.67590822667829,1.5603456873185,0.002004008016032064,0.004008016032064128,0.006012024048096192,0.008016032064128256,0.01002004008016032,0.012024048096192385,0.014028056112224449,0.01603206412825651,0.018036072144288578,0.02004008016032064,1.0,0.0,0.0,0.0,0.0,0.0,0.0,12.0,57.0,78.0,61.0,0.71059094454601,0.6584343310392082,3.30184140098489,1.1646037918032748,0.4288582736825773,1.0730146613868619,0.34804499519134824,0.32199476829217,2.97984663269272,1.2870018826203136,0.9250621649378138,0.5477881469926725,0.30007185398566577
493.26572982226014,49.52467166890162,99.0,399.0,0.9857454502935222,1.0022947598241747,0.002004008016032064,0.004008016032064128,0.006012024048096192,0.008016032064128256,0.01002004008016032,0.012024048096192385,0.014028056112224449,0.01603206412825651,0.018036072144288578,0.02004008016032064,1.0,0.0,0.0,0.0,0.0,0.0,0.0,0.0,0.0,0.0,365.0,0.013029237815379124,1.0752450507911293,1.0334776810456654,0.9941739672451515,0.008508824560412903,0.9946850220700989,0.006564897602250541,0.9511573161970889,0.08232036484857652,0.9942376358787247,-0.1829013504465339,0.01125164209136769,0.0001265994497522371
485.1117952857235,48.70600354274332,99.0,399.0,0.98203089743883,0.9902294023756102,0.002004008016032064,0.004008016032064128,0.006012024048096192,0.008016032064128256,0.01002004008016032,0.012024048096192385,0.014028056112224449,0.01603206412825651,0.018036072144288578,0.02004008016032064,1.0,0.0,0.0,0.0,0.0,0.0,0.0,0.0,0.0,0.0,495.0,0.006773780367519966,0.8787548119164099,1.00472940048841,0.9859708298220667,0.004148595112846595,0.9860261273816999,0.003381112969160105,0.96573557962278,0.03899382086562997,0.9859857638040701,-0.14605065810344756,0.005426708420450201,2.9449164280585123e-05
1071.6287377424944,107.59324676129461,99.0,399.0,0.6412538820613043,1.6308469285483298,0.002004008016032064,0.004008016032064128,0.006012024048096192,0.008016032064128256,0.01002004008016032,0.012024048096192385,0.014028056112224449,0.01603206412825651,0.018036072144288578,0.02004008016032064,1.0,0.0,0.0,0.0,0.0,0.0,0.0,5.0,68.0,134.0,101.0,0.6606094977703098,2.3212661412117255,4.472075612326639,1.2071068481659097,0.6221853332605571,0.8654315893195109,0.2522395145118109,0.2968011376787025,4.175274474647937,1.4654530291504677,1.7227110173630602,0.8309305854024419,0.6904456377572448
758.8877712436162,76.19355132968033,99.0,399.0,0.6922387379705901,1.5847227645306399,0.002004008016032064,0.004008016032064128,0.006012024048096192,0.008016032064128256,0.01002004008016032,0.012024048096192385,0.014028056112224449,0.01603206412825651,0.018036072144288578,0.02004008016032064,1.0,0.0,0.0,0.0,0.0,0.0,0.0,4.0,46.0,108.0,67.0,0.7941456076707383,-1.0396433174466893,2.3341225377948502,1.1474421637854986,0.3966838738744532,1.1090618988490901,0.3945031160561602,0.285323375218588,2.048799162576262,1.2332141650341657,0.24642933265877875,0.45187792334674476,0.20419365760816652
508.3196195449915,51.03610638001922,99.0,399.0,0.9948973329252501,1.02860001981624,0.002004008016032064,0.004008016032064128,0.006012024048096192,0.008016032064128256,0.01002004008016032,0.012024048096192385,0.014028056112224449,0.01603206412825651,0.018036072144288578,0.02004008016032064,1.0,0.0,0.0,0.0,0.0,0.0,0.0,0.0,0.0,0.0,233.0,0.029925280673084864,9.84966438444668,1.2123660940591299,1.0086575683519245,0.021811857272701577,1.00073011312805,0.006744349074120026,0.83535617907966,0.3770099149794699,1.009295096725696,1.242475181859778,0.035867841877012495,0.001286502080914371
515.3526913816308,51.742238090525184,99.0,399.0,1.00905014682149,1.02303703637358,0.002004008016032064,0.004008016032064128,0.006012024048096192,0.008016032064128256,0.01002004008016032,0.012024048096192385,0.014028056112224449,0.01603206412825651,0.018036072144288578,0.02004008016032064,1.0,0.0,0.0,0.0,0.0,0.0,0.0,0.0,0.0,0.0,13.0,0.010647223715579912,0.5941357272433816,1.0429216757736899,1.016218546180116,0.006500582509684245,1.01628375935609,0.0052843714810599796,0.9892249829437001,0.05369669282998979,1.0162533761874972,0.024605430107572684,0.008413739481255969,7.079101205844545e-05
841.4736045490241,84.4853016615486,99.0,399.0,0.70658171742651,1.5069811490292202,0.002004008016032064,0.004008016032064128,0.006012024048096192,0.008016032064128256,0.01002004008016032,0.012024048096192385,0.014028056112224449,0.01603206412825651,0.018036072144288578,0.02004008016032064,1.0,0.0,0.0,0.0,0.0,0.0,0.0,2.0,44.0,107.0,99.0,0.5846264378877561,1.5629519115673611,3.1720211703292502,1.1600065480956743,0.43859190282086735,0.99604267791609,0.2610617846747201,0.33457126877373694,2.8374499015555132,1.2985837858203988,1.4167548044853042,0.5836991152732695,0.34070465717079745
934.2160253690006,93.79678969568278,99.0,399.0,0.5228747804411601,1.7880322263927801,0.002004008016032064,0.004008016032064128,0.006012024048096192,0.008016032064128256,0.01002004008016032,0.012024048096192385,0.014028056112224449,0.01603206412825651,0.018036072144288578,0.02004008016032064,1.0,0.0,0.0,0.0,0.0,0.0,4.0,62.0,65.0,48.0,50.0,1.0371511847878085,-0.45025360522043734,3.2979461743198604,1.1760566778435153,0.5727811807343527,1.0702495628411302,0.5123702176011952,0.17502730663348243,3.122918867686378,1.3682749736602988,0.6448523117302961,0.6993333211314652,0.489067094044765
